,name,gender
0,Abduloh,m
1,Abdulrohman,m
2,Abdulroman,m
3,Abhisit,m
4,Achara,f
5,Achariya,m
6,Achariya,f
7,Adichai,m
8,Adisai,m
9,Adisai,f
10,Adisak,m
11,Adison,m
12,Adisorn,m
13,Aditep,m
14,Adithep,m
15,Adsada,m
16,Adsadavut,m
17,Adsadawut,m
18,Adul,m
19,Adun,m
20,Aekachai,m
21,Aekalak,m
22,Aekaluck,m
23,Aekaluk,m
24,Aekapan,m
25,Aekaphan,m
26,Aekaphol,m
27,Aekaphon,m
28,Aekaphong,m
29,Aekaphop,m
30,Aekapob,m
31,Aekapol,m
32,Aekapon,m
33,Aekapong,m
34,Aekapop,m
35,Aekarach,m
36,Aekaraj,m
37,Aekarin,m
38,Aekasak,m
39,Aekasit,m
40,Aekawit,m
41,Aekawut,m
42,Aekkachai,m
43,Aekkalak,m
44,Aekkaluck,m
45,Aekkaluk,m
46,Aekkapan,m
47,Aekkaphan,m
48,Aekkaphob,m
49,Aekkaphol,m
50,Aekkaphon,m
51,Aekkaphong,m
52,Aekkaphop,m
53,Aekkaphot,m
54,Aekkapob,m
55,Aekkapol,m
56,Aekkapon,m
57,Aekkapong,m
58,Aekkapop,m
59,Aekkapot,m
60,Aekkarach,m
61,Aekkaraj,m
62,Aekkarat,m
63,Aekkarin,m
64,Aekkasak,m
65,Aekkasit,m
66,Aekkawit,m
67,Aekkawut,m
68,Ahama,m
69,Ahamat,m
70,Airry,f
71,Aithiphon,m
72,Aithipol,m
73,Aitthichai,m
74,Aitthikon,m
75,Aitthikorn,m
76,Aitthiphol,m
77,Aitthiphon,m
78,Aitthipol,m
79,Aitthipon,m
80,Aittikon,m
81,Aittikorn,m
82,Aittiphol,m
83,Aittiphon,m
84,Aittipol,m
85,Aittipon,m
86,Akarachai,m
87,Akhira,m
88,Akhira,f
89,Akhom,m
90,Akira,m
91,Akira,f
92,Akkarachai,m
93,Akkharachai,m
94,Akom,m
95,Alongkod,m
96,Alongkon,m
97,Alongkorn,m
98,Alongkot,m
99,Amara,f
100,Amarin,m
101,Amarin,f
102,Amarindra,f
103,Amat,m
104,Ammara,f
105,Ammarin,m
106,Ammarin,f
107,Amnaj,m
108,Amnarj,m
109,Amnart,m
110,Amnat,m
111,Amnuai,m
112,Amnuai,f
113,Amnuay,m
114,Amnuay,f
115,Amon,m
116,Amon,f
117,Amonchai,m
118,Amonrat,m
119,Amonrat,f
120,Amonrut,m
121,Amonrut,f
122,Amonsak,m
123,Amontep,m
124,Amonthep,m
125,Amorn,m
126,Amorn,f
127,Amornchai,m
128,Amornrat,f
129,Amornsak,m
130,Amorntep,m
131,Amornthep,m
132,Ampa,f
133,Ampai,m
134,Ampai,f
135,Ampaiwan,f
136,Ampawn,m
137,Ampawn,f
138,Ampha,f
139,Amphai,m
140,Amphai,f
141,Amphaiwan,f
142,Amphawan,m
143,Amphawan,f
144,Amphika,f
145,Amphol,m
146,Amphon,f
147,Amphon,m
148,Amphon,m
149,Amphon,f
150,Amphorn,m
151,Amphorn,f
152,Ampika,f
153,Ampol,m
154,Ampon,f
155,Ampon,m
156,Amree,m
157,Anan,m
158,Anan,m
159,Ananchai,m
160,Anantachai,m
161,Ananya,m
162,Ananya,f
163,Anatchaya,f
164,Anavach,m
165,Anavat,m
166,Anawach,m
167,Anawat,m
168,Anchalee,f
169,Anchali,f
170,Anchana,f
171,Anchasa,f
172,Anchulee,f
173,Anchuli,f
174,Anek,m
175,Angkan,m
176,Angkana,f
177,Angkhan,m
178,Angkhana,f
179,Angkool,m
180,Angkoon,m
181,Angkul,m
182,Angkun,m
183,Angsana,f
184,Angsumalin,f
185,Anisah,f
186,Anna,f
187,Annop,m
188,Anoma,m
189,Anoma,f
190,Anon,m
191,Anonglak,f
192,Anongluck,f
193,Anongluk,f
194,Anongnad,f
195,Anongnard,f
196,Anongnart,f
197,Anongnat,f
198,Anongrat,f
199,Anongwan,f
200,Anoorak,m
201,Anop,m
202,Anotai,m
203,Anotai,f
204,Anothai,m
205,Anothai,f
206,Anthika,f
207,Antika,f
208,Anucha,m
209,Anuchit,m
210,Anudsara,f
211,Anukool,m
212,Anukoon,m
213,Anukul,m
214,Anukun,m
215,Anulek,f
216,Anumat,m
217,Anumat,f
218,Anunya,f
219,Anurak,m
220,Anurat,m
221,Anurat,f
222,Anuruk,m
223,Anusara,f
224,Anusit,m
225,Anuson,m
226,Anusorn,m
227,Anussara,f
228,Anuthat,m
229,Anuthida,f
230,Anuthin,m
231,Anutida,f
232,Anutsara,f
233,Anuvat,m
234,Anuwat,m
235,Anya,f
236,Anyamanee,f
237,Anyamani,f
238,Aom,f
239,Aommy,f
240,Apasara,f
241,Apasra,f
242,Apassara,f
243,Apatsara,f
244,Apdunlo,m
245,Apdunloh,m
246,Apdunroman,m
247,Aphai,m
248,Aphai,f
249,Aphatsara,f
250,Aphichai,m
251,Aphichat,m
252,Aphinan,m
253,Aphinan,f
254,Aphinat,m
255,Aphinun,m
256,Aphinya,f
257,Aphiphoo,m
258,Aphiphu,m
259,Aphipoo,m
260,Aphipu,m
261,Aphiradi,f
262,Aphirak,m
263,Aphirat,m
264,Aphisak,m
265,Aphisit,m
266,Aphiwat,m
267,Aphiwit,m
268,Apichaya,f
269,Apinan,m
270,Apinun,m
271,Apinya,f
272,Apiphoo,m
273,Apiphu,m
274,Apipoo,m
275,Apipu,m
276,Apirak,m
277,Apisak,m
278,Apisit,m
279,Apiwat,m
280,Apiwit,m
281,Apson,f
282,Apsorn,f
283,Aram,m
284,Aran,m
285,Aranya,m
286,Aranya,f
287,Arawan,m
288,Arawan,f
289,Araya,f
290,Aree,m
291,Aree,f
292,Areerat,f
293,Ari,m
294,Ari,f
295,Arinya,f
296,Arirat,f
297,Arisara,f
298,Arissara,f
299,Aritsara,f
300,Ariya,m
301,Ariya,f
302,Arkhom,m
303,Arkom,m
304,Arnan,m
305,Arnon,m
306,Arom,m
307,Arom,f
308,Aroon,m
309,Arthitaya,f
310,Arthittaya,f
311,Arthon,m
312,Arthorn,m
313,Artit,m
314,Artitaya,f
315,Artittaya,f
316,Artorn,m
317,Arunchai,m
318,Arunee,f
319,Aruni,m
320,Aruni,f
321,Arunrat,f
322,Arunsak,m
323,Arunwan,f
324,Arwut,m
325,Asada,m
326,Asadavut,m
327,Asadawut,m
328,Asae,m
329,Asawin,m
330,Asda,m
331,Asiyah,f
332,Assada,m
333,Assadavut,m
334,Assadawut,m
335,Assawin,m
336,Aswin,m
337,Atachai,m
338,Ataphol,m
339,Ataphon,m
340,Ataphong,m
341,Atapol,m
342,Atapon,m
343,Atapong,m
344,Atasit,m
345,Atawut,m
346,Atchara,f
347,Athachai,m
348,Athaphol,m
349,Athaphon,m
350,Athaphong,m
351,Athapol,m
352,Athapon,m
353,Athapong,m
354,Athasit,m
355,Athavut,m
356,Athawut,m
357,Athibodi,m
358,Athip,m
359,Athit,m
360,Athitaya,f
361,Athiti,m
362,Athittaya,f
363,Athon,m
364,Atikhun,m
365,Atikun,m
366,Atip,m
367,Atit,m
368,Atitaya,f
369,Atittaya,f
370,Atsada,m
371,Atsadavut,m
372,Atsadawut,m
373,Atsawin,m
374,Attachai,m
375,Attaphol,m
376,Attaphon,m
377,Attaphong,m
378,Attapol,m
379,Attapon,m
380,Attapong,m
381,Attasit,m
382,Attavut,m
383,Attawut,m
384,Atthachai,m
385,Atthaphol,m
386,Atthaphon,m
387,Atthaphong,m
388,Atthapol,m
389,Atthapon,m
390,Atthapong,m
391,Atthasit,m
392,Atthavut,m
393,Atthawut,m
394,Auan,m
395,Auraya,f
396,Awut,m
397,Baenglum,f
398,Bamrung,m
399,Bamrung,f
400,Bancha,m
401,Banchong,m
402,Banchong,f
403,Banchop,m
404,Bandit,m
405,Bangon,f
406,Bangorn,f
407,Banjong,m
408,Banjong,f
409,Bannarasee,m
410,Bannarasee,f
411,Banthoeng,m
412,Banyat,m
413,Banyen,f
414,Basree,m
415,Baworn,m
416,Bawornrat,m
417,Bawornrat,f
418,Bawornsak,m
419,Bencha,m
420,Bencha,f
421,Benchakanlayani,f
422,Benchamas,f
423,Benchamat,f
424,Bencharat,f
425,Benchawan,f
426,Benja,m
427,Benja,f
428,Benjakalayanee,f
429,Benjamas,f
430,Benjamat,f
431,Benjarat,f
432,Benjawan,f
433,Benyapa,f
434,Bhavadh,m
435,Bhawat,m
436,Bhumibol,m
437,Binlah,m
438,Bongkoch,m
439,Bongkoch,f
440,Bongkochrat,f
441,Bongkoj,m
442,Bongkoj,f
443,Bongkojrat,f
444,Bongkot,m
445,Bongkot,f
446,Bongkotrat,f
447,Boonchai,m
448,Boonchoo,m
449,Boonchoo,f
450,Boonchu,m
451,Boonchu,f
452,Boonkerd,m
453,Boonkerd,f
454,Boonkoed,m
455,Boonkoed,f
456,Boonkoet,m
457,Boonkoet,f
458,Boonlerd,m
459,Boonlert,m
460,Boonloed,m
461,Boonloet,m
462,Boonlue,m
463,Boonma,m
464,Boonma,f
465,Boonmee,m
466,Boonmee,f
467,Boonrat,m
468,Boonrat,f
469,Boonrit,m
470,Boonruan,f
471,Boonruean,f
472,Boonruen,f
473,Boonserm,m
474,Boonsoem,m
475,Boonsom,m
476,Boonsom,f
477,Boonsong,m
478,Boonsong,f
479,Boontarik,m
480,Boontarik,f
481,Boontharik,m
482,Boontharik,f
483,Boonthom,m
484,Boonthom,f
485,Boontom,m
486,Boontom,f
487,Boonyarit,m
488,Boonyong,m
489,Boonyong,f
490,Boriboon,m
491,Boribun,m
492,Borvon,m
493,Borvonrat,m
494,Borvonrat,f
495,Borvonsak,m
496,Borvorn,m
497,Borvornrat,m
498,Borvornrat,f
499,Borvornsak,m
500,Borwon,m
501,Borwonrat,m
502,Borwonrat,f
503,Borwonsak,m
504,Borworn,m
505,Borwornrat,m
506,Borwornrat,f
507,Borwornsak,m
508,Bovon,m
509,Bovonrat,m
510,Bovonrat,f
511,Bovonsak,m
512,Bovorn,m
513,Bovornrat,m
514,Bovornrat,f
515,Bovornsak,m
516,Bowchompoo,f
517,Bowon,m
518,Bowonrat,m
519,Bowonrat,f
520,Bowonsak,m
521,Boworn,m
522,Bowornrat,m
523,Bowornrat,f
524,Bowornsak,m
525,Bralee,f
526,Bua,f
527,Buakham,m
528,Buakham,f
529,Buarian,f
530,Budsaba,f
531,Budsarakam,f
532,Budsarakham,f
533,Buncha,m
534,Bunchai,m
535,Bunchoo,m
536,Bunchoo,f
537,Bunchu,m
538,Bunchu,f
539,Bunchuai,m
540,Bunchuai,f
541,Bundarik,m
542,Bundarik,f
543,Bundhit,m
544,Bundit,m
545,Bunga,f
546,Bunkerd,m
547,Bunkerd,f
548,Bunkoed,m
549,Bunkoed,f
550,Bunkoet,m
551,Bunkoet,f
552,Bunlerd,m
553,Bunlert,m
554,Bunlert,f
555,Bunloed,m
556,Bunloet,m
557,Bunloet,f
558,Bunlue,m
559,Bunluea,m
560,Bunluea,f
561,Bunma,m
562,Bunma,f
563,Bunmee,m
564,Bunmee,f
565,Bunmi,m
566,Bunmi,f
567,Bunrat,m
568,Bunrat,f
569,Bunrit,m
570,Bunruan,f
571,Bunruean,f
572,Bunrueang,m
573,Bunrueang,f
574,Bunruen,f
575,Bunserm,m
576,Bunserm,f
577,Bunsi,m
578,Bunsi,f
579,Bunsoem,m
580,Bunsoem,f
581,Bunsom,m
582,Bunsom,f
583,Bunsong,m
584,Bunsong,f
585,Bunsuep,m
586,Bunsuep,f
587,Buntarik,m
588,Buntarik,f
589,Buntham,m
590,Buntham,f
591,Buntharik,m
592,Buntharik,f
593,Bunthawee,m
594,Bunthawee,f
595,Bunthom,m
596,Bunthom,f
597,Bunyarit,m
598,Bunyong,m
599,Bunyong,f
600,Bunyot,m
601,Bunyuen,m
602,Bunyuen,f
603,Buppa,f
604,Buppha,f
605,Busaba,f
606,Busakon,f
607,Busakorn,f
608,Busarakam,f
609,Busarakham,f
610,Bussaba,f
611,Bussakon,f
612,Bussakorn,f
613,Bussarakam,f
614,Bussarakham,f
615,But,f
616,Butsaba,f
617,Butsakon,f
618,Butsakorn,f
619,Butsarakam,f
620,Butsarakham,f
621,Chaba,f
622,Chaeo,f
623,Chai,m
624,Chaianan,m
625,Chaichan,m
626,Chaichana,m
627,Chailai,f
628,Chaimongkhon,m
629,Chainarong,m
630,Chairat,m
631,Chaisak,m
632,Chaisit,m
633,Chaivat,m
634,Chaiwat,m
635,Chaiwit,m
636,Chaiwut,m
637,Chaiya,m
638,Chaiyanan,m
639,Chaiyaphat,m
640,Chaiyaphol,m
641,Chaiyaphon,m
642,Chaiyasit,m
643,Chaiyawat,m
644,Chaiyawit,m
645,Chaiyong,m
646,Chaiyot,m
647,Chaiyut,m
648,Chakhon,m
649,Chakhrit,m
650,Chakkrapan,m
651,Chakkraphan,m
652,Chakkraphat,m
653,Chakkrit,m
654,Chakon,m
655,Chakraphan,m
656,Chakraphat,m
657,Chakrit,m
658,Chalaem,m
659,Chalaem,f
660,Chalarm,m
661,Chalarmchai,m
662,Chalarmsak,m
663,Chalearm,m
664,Chalearmchai,m
665,Chalearmkiat,m
666,Chalearmphol,m
667,Chalearmphon,m
668,Chalearmpol,m
669,Chalearmpon,m
670,Chalearmsak,m
671,Chalearmsri,f
672,Chalee,m
673,Chalee,f
674,Chalerm,m
675,Chalermchai,m
676,Chalermchon,m
677,Chalermkiat,m
678,Chalermphol,m
679,Chalermphon,m
680,Chalermpol,m
681,Chalermpon,m
682,Chalermsak,m
683,Chalermsi,f
684,Chalermsri,f
685,Chalermwoot,m
686,Chalermwut,m
687,Chali,m
688,Chali,f
689,Chaliao,m
690,Chaliao,f
691,Chalid,m
692,Chalisa,f
693,Chalit,m
694,Chalita,f
695,Chalo,m
696,Chalo,f
697,Chaloem,m
698,Chaloem,f
699,Chaloemchai,m
700,Chaloemchon,m
701,Chaloemkiat,m
702,Chaloemphol,m
703,Chaloemphon,m
704,Chaloempol,m
705,Chaloempon,m
706,Chaloemsak,m
707,Chaloemsi,f
708,Chaloemsri,f
709,Chaloemwut,m
710,Chalong,m
711,Chalong,f
712,Chalongphob,m
713,Chaluai,f
714,Chamaiphon,f
715,Chamlong,m
716,Chamlong,f
717,Chamnan,m
718,Chamnian,m
719,Chamnian,f
720,Chamnong,m
721,Chamnong,f
722,Chamoi,f
723,Chamroen,m
724,Chamroen,f
725,Chanathip,m
726,Chanathip,f
727,Chanchai,m
728,Chanchira,f
729,Chanin,m
730,Chanjira,f
731,Channarong,m
732,Channikan,f
733,Chanok,m
734,Chanok,f
735,Chanphen,f
736,Chansak,m
737,Chansit,m
738,Chantara,f
739,Chantha,m
740,Chantha,f
741,Chanthana,f
742,Chanthara,f
743,Chanthira,f
744,Chanvit,m
745,Chanvut,m
746,Chanwit,m
747,Chanwut,m
748,Chanya,f
749,Chaowat,m
750,Charan,m
751,Charan,f
752,Charas,m
753,Charat,m
754,Charinee,f
755,Charini,f
756,Chariya,f
757,Charn,m
758,Charnchai,m
759,Charnnarong,m
760,Charnsak,m
761,Charnsit,m
762,Charnvit,m
763,Charnwit,m
764,Charnwut,m
765,Charoen,m
766,Charoen,f
767,Charoenchai,m
768,Charoenrasamee,m
769,Charoenrasamee,f
770,Charoensak,m
771,Chartchai,m
772,Charun,m
773,Charunee,f
774,Charuni,f
775,Charuvan,f
776,Charuwan,f
777,Charuwat,m
778,Chatchai,m
779,Chatchaval,m
780,Chatchavan,m
781,Chatchawal,m
782,Chatchawan,m
783,Chatchawee,m
784,Chatichai,m
785,Chatree,m
786,Chatri,m
787,Chatsuda,f
788,Chatumongol,m
789,Chatuphol,m
790,Chatuphon,f
791,Chatuphon,m
792,Chatupol,m
793,Chatuporn,f
794,Chaturon,m
795,Chaturong,m
796,Chavalit,m
797,Chawalit,m
798,Chawiwan,f
799,Chayanith,f
800,Chedsada,m
801,Cheeranan,f
802,Cheeranun,f
803,Cheerasak,m
804,Cheeravat,m
805,Cheerawan,f
806,Cheerawat,m
807,Cheerawut,m
808,Cherdchai,m
809,Chertchai,m
810,Chesada,m
811,Chessada,m
812,Chet,m
813,Chetsada,m
814,Chiam,m
815,Chiam,f
816,Chimlim,f
817,Chinda,m
818,Chinda,f
819,Chindarat,f
820,Chindawan,f
821,Chingchok,m
822,Chintana,m
823,Chintana,f
824,Chintara,f
825,Chira,m
826,Chiranan,f
827,Chiranun,f
828,Chiraphol,m
829,Chiraphon,f
830,Chiraphon,m
831,Chirapol,m
832,Chirapon,f
833,Chirapon,m
834,Chiraporn,f
835,Chirarat,f
836,Chirasak,m
837,Chirattikan,f
838,Chiravat,m
839,Chiravut,m
840,Chirawan,f
841,Chirawat,m
842,Chirawut,m
843,Chirayu,m
844,Chirayu,f
845,Chitra,f
846,Chittaphon,m
847,Chittra,f
848,Choetchai,m
849,Choetsak,m
850,Chokchai,m
851,Cholada,f
852,Cholasit,m
853,Cholavit,m
854,Cholawit,m
855,Chollada,f
856,Chollasit,m
857,Chollatee,m
858,Chollathee,m
859,Chollavit,m
860,Chollawit,m
861,Cholthida,f
862,Choltida,f
863,Chomkhwan,f
864,Chomphu,f
865,Chompoo,f
866,Chon,m
867,Chon,f
868,Chonchanai,f
869,Chongrak,m
870,Chongrak,f
871,Chonlada,f
872,Chonlasit,m
873,Chonlatee,m
874,Chonlathee,m
875,Chonlathi,m
876,Chonlati,m
877,Chonlavit,m
878,Chonlawit,m
879,Chonnani,f
880,Chonnasorn,f
881,Chonnikan,f
882,Chonthicha,f
883,Chonthida,f
884,Chontida,f
885,Choochai,m
886,Choochart,m
887,Choochat,m
888,Chookiat,m
889,Choophong,m
890,Choopong,m
891,Choosak,m
892,Choowit,m
893,Chotiros,f
894,Chuan,m
895,Chuan,f
896,Chuanphit,f
897,Chuchai,m
898,Chuchart,m
899,Chuchat,m
900,Chui,m
901,Chukiart,m
902,Chukiat,m
903,Chula,m
904,Chula,f
905,Chumphon,m
906,Chuphong,m
907,Chupong,m
908,Churai,f
909,Churaiphon,f
910,Churairat,f
911,Churaiwan,f
912,Chusak,m
913,Chutarat,f
914,Chutharat,f
915,Chutimon,f
916,Chuwit,m
917,Daeng,m
918,Daeng,f
919,Daentrai,m
920,Damri,m
921,Damrong,m
922,Damrongchai,m
923,Damrongdet,m
924,Damrongrit,m
925,Damrongsak,m
926,Damrongwit,m
927,Danai,m
928,Danaisak,m
929,Dantrai,m
930,Danuphol,m
931,Danuphon,m
932,Danupol,m
933,Danupon,m
934,Dao,m
935,Dao,f
936,Daorueang,f
937,Daranee,f
938,Darani,f
939,Darika,f
940,Darin,f
941,Darunee,f
942,Daruni,f
943,Dayaela,m
944,Dech,m
945,Decha,m
946,Dechapol,m
947,Deng,m
948,Denkaosan,m
949,Dipangkorn,m
950,Direk,m
951,Dokkaeo,f
952,Dokmai,f
953,Duangchai,m
954,Duangchai,f
955,Duangchan,m
956,Duangchan,f
957,Duangchit,m
958,Duangchit,f
959,Duangdao,f
960,Duangdi,m
961,Duangdi,f
962,Duangduean,f
963,Duanghatai,m
964,Duanghathai,f
965,Duangjai,f
966,Duangkae,f
967,Duangkamol,f
968,Duangkamon,f
969,Duangkhae,f
970,Duangnapa,f
971,Duangnapha,f
972,Duangphon,f
973,Duangporn,f
974,Duangprathip,m
975,Duangprathip,f
976,Duangrat,f
977,Duangsamon,f
978,Duangta,f
979,Duanpen,f
980,Duanphen,f
981,Duean,f
982,Dueanchai,f
983,Dueanpen,f
984,Dueanphen,f
985,Dueanrung,f
986,Duenpen,f
987,Duenphen,f
988,Dujdao,f
989,Dumrong,m
990,Dumrongchai,m
991,Dumrongsak,m
992,Durongrit,m
993,Dusit,m
994,Dusita,f
995,Dutdao,f
996,Dutsani,f
997,Eakachai,m
998,Eakalak,m
999,Eakaluck,m
1000,Eakaluk,m
1001,Eakaphol,m
1002,Eakaphon,m
1003,Eakaphong,m
1004,Eakaphop,m
1005,Eakapob,m
1006,Eakapol,m
1007,Eakapon,m
1008,Eakapong,m
1009,Eakapop,m
1010,Eakarach,m
1011,Eakaraj,m
1012,Eakarin,m
1013,Eakasak,m
1014,Eakasit,m
1015,Eakawit,m
1016,Eakawut,m
1017,Eakkachai,m
1018,Eakkalak,m
1019,Eakkaluck,m
1020,Eakkaluk,m
1021,Eakkaphol,m
1022,Eakkaphon,m
1023,Eakkaphong,m
1024,Eakkaphop,m
1025,Eakkapob,m
1026,Eakkapol,m
1027,Eakkapon,m
1028,Eakkapong,m
1029,Eakkapop,m
1030,Eakkarach,m
1031,Eakkaraj,m
1032,Eakkarin,m
1033,Eakkasak,m
1034,Eakkasit,m
1035,Eakkawit,m
1036,Eakkawut,m
1037,Ek,m
1038,Ekachai,m
1039,Ekalak,m
1040,Ekaluck,m
1041,Ekaluk,m
1042,Ekapan,m
1043,Ekaphan,m
1044,Ekaphob,m
1045,Ekaphong,m
1046,Ekaphop,m
1047,Ekaphot,m
1048,Ekapob,m
1049,Ekapong,m
1050,Ekapop,m
1051,Ekapot,m
1052,Ekarach,m
1053,Ekaraj,m
1054,Ekarin,m
1055,Ekasak,m
1056,Ekasit,m
1057,Ekawit,m
1058,Ekawut,m
1059,Ekkachai,m
1060,Ekkalak,m
1061,Ekkaluck,m
1062,Ekkaluk,m
1063,Ekkapan,m
1064,Ekkaphan,m
1065,Ekkaphob,m
1066,Ekkaphol,m
1067,Ekkaphon,m
1068,Ekkaphong,m
1069,Ekkaphop,m
1070,Ekkaphot,m
1071,Ekkapob,m
1072,Ekkapol,m
1073,Ekkapon,m
1074,Ekkapong,m
1075,Ekkapop,m
1076,Ekkapot,m
1077,Ekkarach,m
1078,Ekkaraj,m
1079,Ekkarat,m
1080,Ekkarat,m
1081,Ekkarin,m
1082,Ekkasak,m
1083,Ekkasit,m
1084,Ekkawit,m
1085,Ekkawut,m
1086,Emon,f
1087,Emorn,f
1088,Fah,f
1089,Faisol,m
1090,Fasai,f
1091,Fateemoh,f
1092,Fatihah,f
1093,Fatimoh,f
1094,Fikree,m
1095,Fon,f
1096,Fong,m
1097,Fong,f
1098,Gai,f
1099,Gam,f
1100,Gesinee,f
1101,Hamdee,m
1102,Han,m
1103,Hataikan,f
1104,Hataikarn,f
1105,Hatairat,f
1106,Hataiwan,f
1107,Hathai,m
1108,Hathai,f
1109,Hathaichanok,f
1110,Hathaikan,f
1111,Hathaikarn,f
1112,Hathairat,f
1113,Hathaiwan,f
1114,Hayatee,f
1115,Heyiyw,m
1116,Hilmee,m
1117,Hiran,m
1118,Hiran,f
1119,Hoikhom,m
1120,Hoikhom,f
1121,Houng,f
1122,Husniyah,f
1123,Imron,m
1124,Inthira,f
1125,Inthon,m
1126,Inthun,m
1127,Inthurat,f
1128,Isara,m
1129,Isara,f
1130,Isayaporn,f
1131,Ismaael,m
1132,Ismaal,m
1133,Issara,m
1134,Issara,f
1135,Issaree,f
1136,Itsara,m
1137,Itsara,f
1138,Itsaraphong,m
1139,Itsarapong,m
1140,Itsari,f
1141,Itthichai,m
1142,Itthidech,m
1143,Itthidet,m
1144,Itthikon,m
1145,Itthikorn,m
1146,Itthiphol,m
1147,Itthiphon,m
1148,Itthiphong,m
1149,Itthipol,m
1150,Itthipon,m
1151,Itthipong,m
1152,Itthirit,m
1153,Itthisak,m
1154,Itthiwat,m
1155,Ittichai,m
1156,Ittidet,m
1157,Ittikon,m
1158,Ittikorn,m
1159,Ittiphol,m
1160,Ittiphon,m
1161,Ittiphong,m
1162,Ittipol,m
1163,Ittipon,m
1164,Ittipong,m
1165,Ittirit,m
1166,Ittisak,m
1167,Ittiwat,m
1168,Jadenipit,f
1169,Jadet,m
1170,Jakraphan,m
1171,Jamlong,m
1172,Jamlong,f
1173,Janjira,f
1174,Janya,f
1175,Jaran,m
1176,Jarinee,f
1177,Jariya,f
1178,Jaroen,m
1179,Jaroenchai,m
1180,Jaroensak,m
1181,Jaru,m
1182,Jarunee,f
1183,Jaruni,f
1184,Jaruvan,f
1185,Jaruwan,f
1186,Jaruwat,m
1187,Jatuphol,m
1188,Jatuphon,m
1189,Jatupol,m
1190,Jatuporn,f
1191,Jaturong,m
1192,Jedsada,m
1193,Jeeranan,f
1194,Jeerasak,m
1195,Jeeravat,m
1196,Jeerawan,f
1197,Jeerawat,m
1198,Jeerawut,m
1199,Jesada,m
1200,Jesda,m
1201,Jessada,m
1202,Jessda,m
1203,Jetsada,m
1204,Jinda,m
1205,Jinda,f
1206,Jindarat,f
1207,Jindawan,f
1208,Jintana,f
1209,Jintara,f
1210,Jiranan,f
1211,Jiranun,f
1212,Jiraphol,m
1213,Jiraphon,f
1214,Jiraphon,m
1215,Jirapol,m
1216,Jirapon,f
1217,Jirapon,m
1218,Jiraporn,f
1219,Jirasak,m
1220,Jiravan,f
1221,Jiravat,m
1222,Jiravut,m
1223,Jirawan,f
1224,Jirawat,m
1225,Jirawut,m
1226,Jirayu,m
1227,Jirayu,f
1228,Jitaraphol,m
1229,Jitra,f
1230,Jittra,f
1231,Jittramas,f
1232,Jongrak,m
1233,Jongrak,f
1234,Jorin,f
1235,Jukkapant,m
1236,Jumpol,m
1237,Jurairat,f
1238,Juraiwan,f
1239,Jutarat,f
1240,Jutharat,f
1241,Kaeo,m
1242,Kaeo,f
1243,Kaew,m
1244,Kaew,f
1245,Kaifa,m
1246,Kaifa,f
1247,Kaimook,f
1248,Kaimuk,f
1249,Kalaya,f
1250,Kallaya,f
1251,Kalya,f
1252,Kalyarat,f
1253,Kamlai,f
1254,Kamolrat,f
1255,Kamolwan,f
1256,Kamonchanok,f
1257,Kamonchat,m
1258,Kamonchat,f
1259,Kamonrat,f
1260,Kamonsak,m
1261,Kamonwan,f
1262,Kampanart,m
1263,Kampanat,m
1264,Kamphol,m
1265,Kamphon,m
1266,Kampol,m
1267,Kampon,m
1268,Kamron,m
1269,Kanchit,m
1270,Kanita,f
1271,Kanitha,f
1272,Kanitta,f
1273,Kanittha,f
1274,Kanjana,f
1275,Kanlaya,f
1276,Kanlayakon,f
1277,Kanlayakorn,f
1278,Kanlayanee,f
1279,Kanlayani,f
1280,Kanlayarat,f
1281,Kannarun,f
1282,Kannika,f
1283,Kanok,m
1284,Kanok,f
1285,Kanokphol,m
1286,Kanokphon,f
1287,Kanokphon,m
1288,Kanokpol,m
1289,Kanokpon,m
1290,Kanokporn,f
1291,Kanokwan,f
1292,Kantima,f
1293,Kanyarat,f
1294,Kanyawee,f
1295,Karawek,m
1296,Karawek,f
1297,Karn,m
1298,Karn,f
1299,Karun,m
1300,Kasem,m
1301,Kasemchai,m
1302,Kasemsak,m
1303,Kaset,m
1304,Kasika,f
1305,Kasira,f
1306,Kavin,m
1307,Kawin,m
1308,Kawinthida,f
1309,Keerati,m
1310,Kesinee,f
1311,Kesini,f
1312,Ket,m
1313,Ketsara,f
1314,Khaimook,f
1315,Khaimuk,f
1316,Khakkhanang,f
1317,Khamnueng,m
1318,Khamnueng,f
1319,Khamron,m
1320,Khanchit,m
1321,Khanita,f
1322,Khanitha,f
1323,Khanitta,f
1324,Khanittha,f
1325,Khantharot,f
1326,Khanthawong,m
1327,Khao,m
1328,Khao,f
1329,Khaokong,m
1330,Khap,m
1331,Khawhom,m
1332,Khawhom,f
1333,Khawisara,f
1334,Khem,f
1335,Khemanit,f
1336,Khemupsorn,f
1337,Khimhan,m
1338,Khlai,m
1339,Khlai,f
1340,Khodiyah,f
1341,Khomkrit,m
1342,Khomsan,m
1343,Khongdech,m
1344,Khongdej,m
1345,Khongdet,m
1346,Khongrit,m
1347,Khongsak,m
1348,Khoong,m
1349,Khoong,f
1350,Khosit,m
1351,Khram,m
1352,Khrim,f
1353,Khuang,m
1354,Khuang,f
1355,Khuekrit,m
1356,Khumron,m
1357,Khunakorn,m
1358,Khunmae,f
1359,Khwanchai,m
1360,Khwanchai,f
1361,Khwanjai,f
1362,Khwanphirom,f
1363,Khwanpirom,f
1364,Khwanruan,f
1365,Khwanruean,f
1366,Khwanruen,f
1367,Khwansuda,f
1368,Kiartichai,m
1369,Kiartisak,m
1370,Kiartiyot,m
1371,Kiarttichai,m
1372,Kiarttisak,m
1373,Kiarttiyot,m
1374,Kiat,m
1375,Kiatichai,m
1376,Kiatisak,m
1377,Kiatisuk,m
1378,Kiatiyos,m
1379,Kiatiyot,m
1380,Kiattichai,m
1381,Kiattisak,m
1382,Kiattisuk,m
1383,Kiattiyos,m
1384,Kiattiyot,m
1385,Kidsada,m
1386,Kidtisak,m
1387,Kiettisak,m
1388,Kimhan,m
1389,Kimuk,f
1390,Kirana,m
1391,Kirana,f
1392,Kirati,m
1393,Kisada,m
1394,Kisda,m
1395,Kissada,m
1396,Kitichai,m
1397,Kitima,f
1398,Kitipat,m
1399,Kitiphat,m
1400,Kitiphong,m
1401,Kitiphop,m
1402,Kitipong,m
1403,Kitipop,m
1404,Kitirat,m
1405,Kitirat,f
1406,Kitisak,m
1407,Kititat,m
1408,Kitithat,m
1409,Kitiya,f
1410,Kitsada,m
1411,Kitti,m
1412,Kittichai,m
1413,Kittikhun,m
1414,Kittikon,m
1415,Kittikun,m
1416,Kittima,f
1417,Kittipat,m
1418,Kittiphat,m
1419,Kittiphol,m
1420,Kittiphon,m
1421,Kittiphong,m
1422,Kittiphop,m
1423,Kittipol,m
1424,Kittipon,m
1425,Kittipong,m
1426,Kittipop,m
1427,Kittirat,m
1428,Kittirat,f
1429,Kittiratt,m
1430,Kittisak,m
1431,Kittitat,m
1432,Kittithat,m
1433,Kittiwat,m
1434,Kittiya,f
1435,Kluaimai,f
1436,Kobsak,m
1437,Kokiat,m
1438,Komkrit,m
1439,Komol,m
1440,Komon,m
1441,Komsan,m
1442,Kongchai,m
1443,Kongdech,m
1444,Kongdej,m
1445,Kongdet,m
1446,Kongkiat,m
1447,Kongphop,m
1448,Kongrit,m
1449,Kongsak,m
1450,Kongsak,m
1451,Korapat,m
1452,Korranid,f
1453,Kosit,m
1454,Kosit,m
1455,Kosum,m
1456,Kosum,f
1457,Kovit,m
1458,Kowit,m
1459,Kraisak,m
1460,Kraising,m
1461,Kraison,m
1462,Kraisorn,m
1463,Kriang,m
1464,Kriangchai,m
1465,Kriangdech,m
1466,Kriangdet,m
1467,Kriangkrai,m
1468,Kriangsak,m
1469,Kridsada,m
1470,Kridtika,f
1471,Kridtin,m
1472,Krieng,m
1473,Kriengchai,m
1474,Kriengdet,m
1475,Kriengkrai,m
1476,Kriengsak,m
1477,Krisada,m
1478,Krisda,m
1479,Krissada,m
1480,Krissda,m
1481,Kritika,f
1482,Kritin,m
1483,Kritsada,m
1484,Kritsana,m
1485,Kritsana,f
1486,Krittika,f
1487,Krittin,m
1488,Kroekchai,m
1489,Kroekrit,m
1490,Kuhlāb,f
1491,Kulab,f
1492,Kulchada,f
1493,Kulthida,f
1494,Kumron,m
1495,Kunpat,f
1496,Kunpimook,m
1497,Kunthida,f
1498,Kusuman,f
1499,Kwanchai,m
1500,Kwang,f
1501,Kwangjai,f
1502,Kwanjai,f
1503,Kwanphirom,f
1504,Kwanpirom,f
1505,Kwanruan,f
1506,Kwanruean,f
1507,Kwanruen,f
1508,Lada,f
1509,Ladawan,f
1510,Laddawan,f
1511,Laiat,m
1512,Laiat,f
1513,Lakkana,f
1514,Lakkhana,f
1515,Laknara,f
1516,Laksamee,f
1517,Laksami,f
1518,Laksanara,f
1519,Lalisa,f
1520,Lamai,f
1521,Lamang,f
1522,Lamchiak,f
1523,Lamduan,m
1524,Lamduan,f
1525,Lamjiak,f
1526,Lamnao,f
1527,Lamun,f
1528,Lamyai,f
1529,Lamyong,m
1530,Lamyong,f
1531,Lanthom,f
1532,Laong,m
1533,Laong,f
1534,Lapassalan,f
1535,Latdarat,f
1536,Latdawan,f
1537,Lek,m
1538,Lek,f
1539,Leng,m
1540,Leng,f
1541,Lertchai,m
1542,Lertsak,m
1543,Likhit,m
1544,Likhit,f
1545,Lilawadi,f
1546,Linchee,f
1547,Liulalong,m
1548,Liulalong,f
1549,Loet,m
1550,Loet,f
1551,Loetchai,m
1552,Loetsak,m
1553,Lucksamee,f
1554,Luksamee,f
1555,Lumyai,f
1556,Maew,f
1557,Mahama,m
1558,Mahamat,m
1559,Mai,f
1560,Maithai,f
1561,Makok,m
1562,Makok,f
1563,Maladee,f
1564,Malee,f
1565,Malinee,f
1566,Malisa,f
1567,Malivalaya,f
1568,Mallika,f
1569,Mana,m
1570,Manat,m
1571,Manat,f
1572,Manāw,m
1573,Manāw,f
1574,Manee,m
1575,Manee,f
1576,Maneerat,f
1577,Mangkhut,f
1578,Manirat,f
1579,Manit,m
1580,Maniwan,f
1581,Manlika,f
1582,Mano,m
1583,Manop,m
1584,Mantana,f
1585,Manthana,f
1586,Manyana,f
1587,Maokli,m
1588,Maphrao,f
1589,Maprang,f
1590,Mathawi,f
1591,Maythavee,f
1592,Mayura,m
1593,Mayura,f
1594,Mayuree,f
1595,Mayuri,f
1596,Meechai,m
1597,Mekhin,m
1598,Merong,m
1599,Mesa,m
1600,Mesa,f
1601,Metee,m
1602,Methee,m
1603,Methi,m
1604,Methika,f
1605,Methinee,f
1606,Methini,f
1607,Metinee,f
1608,Metta,f
1609,Milin,f
1610,Mintra,f
1611,Miu,f
1612,Monchai,m
1613,Mongkhol,m
1614,Mongkholchai,m
1615,Mongkholsak,m
1616,Mongkhon,m
1617,Mongkhonchai,m
1618,Mongkhonsak,m
1619,Mongkol,m
1620,Mongkolchai,m
1621,Mongkolsak,m
1622,Mongkon,m
1623,Mongkonchai,m
1624,Mongkonsak,m
1625,Monkaen,m
1626,Monta,f
1627,Montha,f
1628,Monthian,m
1629,Monthien,m
1630,Monthol,m
1631,Monthon,m
1632,Montol,m
1633,Monton,m
1634,Montree,m
1635,Montri,m
1636,Mookda,f
1637,Mookdawan,f
1638,Morakot,m
1639,Morakot,f
1640,Moree,f
1641,Mue,m
1642,Mue,f
1643,Mueangchai,m
1644,Muhamat,m
1645,Muhammat,m
1646,Mukda,f
1647,Mukdawan,f
1648,Nadech,m
1649,Nadtaya,f
1650,Nadthida,f
1651,Nadtida,f
1652,Naep,m
1653,Naep,f
1654,Naiyana,f
1655,Nakhon,m
1656,Nakhonchai,m
1657,Nakhorn,m
1658,Nakon,m
1659,Nakorn,m
1660,Nakornchai,m
1661,Nalin,m
1662,Nalin,f
1663,Nalinee,f
1664,Namfon,f
1665,Namkhang,f
1666,Namphueng,f
1667,Namthan,f
1668,Namthip,f
1669,Namthip,f
1670,Namtip,f
1671,Nantawan,f
1672,Nantawat,m
1673,Nanthaphon,f
1674,Nanthawan,f
1675,Nanthawat,m
1676,Nanthita,f
1677,Nanthiya,f
1678,Nantita,f
1679,Nantiya,f
1680,Naowarat,f
1681,Napa,m
1682,Napa,f
1683,Napapen,f
1684,Naparat,f
1685,Napawan,f
1686,Napha,m
1687,Napha,f
1688,Naphaphen,f
1689,Napharat,f
1690,Naphatson,f
1691,Naphatsorn,f
1692,Naphawan,f
1693,Naree,f
1694,Nareerat,f
1695,Nareewan,f
1696,Nari,f
1697,Narin,m
1698,Narirat,f
1699,Naris,m
1700,Narisa,f
1701,Narit,m
1702,Nariwan,f
1703,Narong,m
1704,Narongchai,m
1705,Narongdech,m
1706,Narongdej,m
1707,Narongdet,m
1708,Narongrit,m
1709,Narongsak,m
1710,Naruemol,f
1711,Naruemon,f
1712,Naruephol,m
1713,Naruephon,m
1714,Naruepol,m
1715,Naruepon,m
1716,Narumol,f
1717,Narumon,f
1718,Naruphol,m
1719,Naruphon,m
1720,Narupol,m
1721,Narupon,m
1722,Natachai,m
1723,Natakit,m
1724,Nataphong,m
1725,Natapohn,f
1726,Natapong,m
1727,Natawat,m
1728,Nataya,f
1729,Natcha,f
1730,Natee,m
1731,Natha,f
1732,Nathachai,m
1733,Nathakit,m
1734,Nathapatsorn,f
1735,Nathaphong,m
1736,Nathapong,m
1737,Nathawat,m
1738,Nathaya,f
1739,Nathee,m
1740,Nathi,m
1741,Nathi,f
1742,Nathi,m
1743,Nathida,f
1744,Natida,f
1745,Natmutdin,m
1746,Natnaree,f
1747,Natnicha,f
1748,Natta,f
1749,Nattachai,m
1750,Nattakit,m
1751,Nattaphong,m
1752,Nattapong,m
1753,Nattarat,m
1754,Nattarat,f
1755,Nattawat,m
1756,Nattawut,m
1757,Nattaya,f
1758,Nattha,f
1759,Natthachai,m
1760,Natthakan,m
1761,Natthakan,f
1762,Natthakarn,m
1763,Natthakarn,f
1764,Natthakit,m
1765,Natthaphon,m
1766,Natthaphong,m
1767,Natthapong,m
1768,Nattharat,m
1769,Nattharat,f
1770,Natthathida,f
1771,Natthawat,m
1772,Natthawut,m
1773,Natthaya,f
1774,Natthida,f
1775,Natthika,f
1776,Nattida,f
1777,Navin,m
1778,Nawaphol,m
1779,Nawaphon,m
1780,Nawaphon,f
1781,Nawapol,m
1782,Nawat,f
1783,Nawin,m
1784,Neeramphorn,f
1785,Netdao,f
1786,Neung,f
1787,Neungluthai,f
1788,Ngamchit,f
1789,Ngamjit,f
1790,Ngamnit,f
1791,Ngamphit,f
1792,Ngampit,f
1793,Ngoen,f
1794,Nguam,m
1795,Nicha,f
1796,Nichkhun,m
1797,Nidnoi,f
1798,Nidtaya,f
1799,Nikhom,m
1800,Nikom,m
1801,Nikon,m
1802,Nikorn,m
1803,Nilawan,f
1804,Nillawan,f
1805,Nim,f
1806,Nimit,m
1807,Ninlawan,f
1808,Nipapan,f
1809,Nipapat,f
1810,Nipaphan,f
1811,Nipaphat,f
1812,Nipaphon,f
1813,Nipapon,f
1814,Nipaporn,f
1815,Niparat,f
1816,Nipavan,f
1817,Nipawan,f
1818,Niphapan,f
1819,Niphapat,f
1820,Niphaphan,f
1821,Niphaphat,f
1822,Niphaphon,f
1823,Niphapon,f
1824,Niphaporn,f
1825,Nipharat,f
1826,Niphawan,f
1827,Niphon,m
1828,Nipon,m
1829,Niramol,f
1830,Niramon,f
1831,Niran,m
1832,Niroot,m
1833,Nirun,m
1834,Nirut,m
1835,Nisa,f
1836,Nisarat,f
1837,Nisit,m
1838,Nisita,f
1839,Nitaya,f
1840,Nithiphon,f
1841,Nithiphon,m
1842,Niti,m
1843,Niti,f
1844,Nitiya,m
1845,Nitiya,f
1846,Nittaya,f
1847,Nittiya,f
1848,Nivat,m
1849,Nives,m
1850,Nivet,m
1851,Niwat,m
1852,Niwes,m
1853,Niwet,m
1854,Niyom,m
1855,Niyom,f
1856,Nk-rxng,f
1857,Nobphon,m
1858,Nobpon,m
1859,Nohk,m
1860,Nohk,f
1861,Noi,m
1862,Noi,f
1863,Noina,f
1864,Nokka,f
1865,Nokyung,f
1866,Nom,f
1867,Non,m
1868,Non,f
1869,Nongkhran,f
1870,Nonglak,f
1871,Nongnuch,f
1872,Nongnut,f
1873,Nongyao,f
1874,Noorainee,f
1875,Nopachai,m
1876,Nopadol,m
1877,Nopadon,m
1878,Nopamat,f
1879,Noparat,m
1880,Noparat,f
1881,Nopawan,f
1882,Nophachai,m
1883,Nophadol,m
1884,Nophadon,m
1885,Nophamat,f
1886,Nopharat,m
1887,Nopharat,f
1888,Nophawan,f
1889,Nopjira,m
1890,Nopjira,f
1891,Noppachai,m
1892,Noppadol,m
1893,Noppadon,m
1894,Noppamas,f
1895,Noppamat,f
1896,Nopparat,m
1897,Nopparat,f
1898,Noppawan,f
1899,Nopphachai,m
1900,Nopphadol,m
1901,Nopphadon,m
1902,Nopphakhun,m
1903,Nopphakhun,f
1904,Nopphamas,f
1905,Nopphamat,f
1906,Noppharat,m
1907,Noppharat,f
1908,Noppharnach,m
1909,Nopphawan,f
1910,Nopphawat,m
1911,Nopphol,m
1912,Nopphon,m
1913,Noppol,m
1914,Noppon,m
1915,Nu,m
1916,Nuan,m
1917,Nuan,f
1918,Nuanjan,f
1919,Nudaeng,f
1920,Nudthida,f
1921,Nudtida,f
1922,Nugoon,m
1923,Nunthita,f
1924,Nuntita,f
1925,Nuraida,f
1926,Nurainee,f
1927,Nuraseekeen,f
1928,Nurasikin,f
1929,Nurhayatee,f
1930,Nurhuda,f
1931,Nurihan,f
1932,Nuriyah,f
1933,Nutha,f
1934,Nuthida,f
1935,Nutida,f
1936,Nutta,f
1937,Nuttachai,m
1938,Nuttakit,m
1939,Nuttanicha,f
1940,Nuttaphong,m
1941,Nuttapong,m
1942,Nuttawat,m
1943,Nuttawut,m
1944,Nuttha,f
1945,Nutthachai,m
1946,Nutthakit,m
1947,Nutthaphong,m
1948,Nutthapong,m
1949,Nutthawat,m
1950,Nutthawut,m
1951,Nutthida,f
1952,Nuttida,f
1953,Olan,m
1954,Olarn,m
1955,Onanong,f
1956,Onchira,f
1957,Ong-Ard,m
1958,Ongard,m
1959,Ong-Art,m
1960,Ongart,m
1961,Ongat,m
1962,Onjira,f
1963,Onnika,m
1964,Onsiri,f
1965,Onsuda,f
1966,Onuma,f
1967,Onwan,f
1968,Onwara,f
1969,Opas,m
1970,Opat,m
1971,Ophas,m
1972,Ophat,m
1973,Orana,f
1974,Oraphin,f
1975,Orapin,f
1976,Orarat,f
1977,Oratai,f
1978,Orathai,f
1979,Orawan,f
1980,Ornanong,f
1981,Ornchira,f
1982,Ornjira,f
1983,Ornsiri,f
1984,Ornsuda,f
1985,Ornuma,f
1986,Osathee,m
1987,Pachara,m
1988,Pacharee,f
1989,Pachari,f
1990,Padcha,f
1991,Padej,m
1992,Padet,m
1993,Padung,m
1994,Padungdech,m
1995,Padungdej,m
1996,Padungdet,m
1997,Padungsak,m
1998,Paetongtarn,f
1999,Paibool,m
2000,Paiboon,m
2001,Paibul,m
2002,Paibul,f
2003,Paibun,m
2004,Pailin,f
2005,Pairoj,m
2006,Pairot,m
2007,Pairote,m
2008,Paisal,m
2009,Paisan,m
2010,Paisit,m
2011,Paithoon,m
2012,Paithun,m
2013,Paitoon,m
2014,Paitun,m
2015,Paiwan,m
2016,Paiwan,f
2017,Pajaree,f
2018,Pakin,m
2019,Pakon,m
2020,Pakonchai,m
2021,Pakorn,m
2022,Pakornchai,m
2023,Pakphoom,m
2024,Pakphum,m
2025,Pakpoom,m
2026,Pakpum,m
2027,Palitchoke,m
2028,Pallop,m
2029,Panadda,f
2030,Panas,m
2031,Panat,m
2032,Panatda,f
2033,Pancha,f
2034,Panchaphon,f
2035,Panchaphon,m
2036,Panida,f
2037,Panisa,f
2038,Panit,m
2039,Panit,f
2040,Panlop,m
2041,Pannee,f
2042,Pansa,m
2043,Pansa,f
2044,Pantawan,f
2045,Panudech,m
2046,Panudej,m
2047,Panudet,m
2048,Panumas,m
2049,Panumas,f
2050,Panumat,m
2051,Panumat,f
2052,Panupat,m
2053,Panuphong,m
2054,Panupong,m
2055,Panuvat,m
2056,Panuwat,m
2057,Panwat,m
2058,Panwat,f
2059,Panya,m
2060,Paradee,f
2061,Paradon,m
2062,Paradorn,m
2063,Parames,m
2064,Paramet,m
2065,Parichart,f
2066,Parichat,f
2067,Parinya,m
2068,Parinya,f
2069,Parkphoom,m
2070,Parkphum,m
2071,Parkpoom,m
2072,Parkpum,m
2073,Parnumas,m
2074,Parnumas,f
2075,Pasidh,m
2076,Pasuk,m
2077,Pasuk,f
2078,Pasuta,f
2079,Patama,f
2080,Patcha,f
2081,Patchanan,f
2082,Patcharee,f
2083,Patcharin,f
2084,Pateemoh,f
2085,Pathama,f
2086,Pathom,m
2087,Pathomchai,m
2088,Patima,m
2089,Patima,f
2090,Patimoh,f
2091,Patiphan,m
2092,Patitta,f
2093,Patiwat,m
2094,Patom,m
2095,Patomchai,m
2096,Patra,f
2097,Patravadi,f
2098,Patsakon,m
2099,Patsakorn,m
2100,Pattama,f
2101,Pattamawadee,f
2102,Pattamawadi,f
2103,Pattamawan,f
2104,Pattaratida,f
2105,Patthama,f
2106,Patthamawadee,f
2107,Patthamawadi,f
2108,Patthamawan,f
2109,Pattipong,m
2110,Pattranite,f
2111,Pavida,f
2112,Pawat,m
2113,Paween,m
2114,Paweena,f
2115,Pawin,m
2116,Pawina,f
2117,Payom,f
2118,Payon,m
2119,Pear,f
2120,Peera,m
2121,Peerachai,m
2122,Peerachat,m
2123,Peerapat,m
2124,Peeraphat,m
2125,Peeraphol,m
2126,Peeraphon,m
2127,Peeraphong,m
2128,Peerapol,m
2129,Peerapon,m
2130,Peerapong,m
2131,Peerapong,m
2132,Peerasak,m
2133,Peerawat,m
2134,Peerawut,m
2135,Pennapa,f
2136,Pennapha,f
2137,Penpak,f
2138,Pensiri,f
2139,Pensri,f
2140,Phachara,m
2141,Phachoen,m
2142,Phadcha,f
2143,Phadej,m
2144,Phadet,m
2145,Phadetsak,m
2146,Phadung,m
2147,Phadungdech,m
2148,Phadungdet,m
2149,Phadungphong,m
2150,Phadungpong,m
2151,Phadungsak,m
2152,Phaen,m
2153,Phaen,f
2154,Phaibool,m
2155,Phaiboon,m
2156,Phaibul,m
2157,Phaibun,m
2158,Phailin,f
2159,Phairat,m
2160,Phairat,f
2161,Phairo,m
2162,Phairo,f
2163,Phairoh,m
2164,Phairoh,f
2165,Phairoj,m
2166,Phairot,m
2167,Phairote,m
2168,Phaisal,m
2169,Phaisan,m
2170,Phaisit,m
2171,Phaithoon,m
2172,Phaithun,m
2173,Phaitoon,m
2174,Phaitun,m
2175,Phaiwan,m
2176,Phaiwan,f
2177,Phajee,f
2178,Phakdi,m
2179,Phakdi,f
2180,Phakhwan,f
2181,Phakphoom,m
2182,Phakphum,m
2183,Phakpoom,m
2184,Phakpum,m
2185,Phan,m
2186,Phan,f
2187,Phanas,m
2188,Phanat,m
2189,Phanida,f
2190,Phanit,m
2191,Phanit,f
2192,Phanlop,m
2193,Phannee,f
2194,Phanni,f
2195,Phanom,m
2196,Phanom,f
2197,Phansa,m
2198,Phansa,f
2199,Phanthittra,f
2200,Phanudech,m
2201,Phanudej,m
2202,Phanudet,m
2203,Phanumas,m
2204,Phanumas,f
2205,Phanumat,m
2206,Phanumat,f
2207,Phanuphat,m
2208,Phanuphong,m
2209,Phanupong,m
2210,Phanurat,m
2211,Phanurat,f
2212,Phanuvat,m
2213,Phanuwat,m
2214,Pharadon,m
2215,Pharadorn,m
2216,Phasook,m
2217,Phasook,f
2218,Phassakon,m
2219,Phassakorn,m
2220,Phasuk,m
2221,Phasuk,f
2222,Phatcha,f
2223,Phatchara,m
2224,Phatchara,f
2225,Phatcharaphol,m
2226,Phatcharaphon,f
2227,Phatcharaphon,m
2228,Phatcharaporn,f
2229,Phathu,f
2230,Phatsakon,m
2231,Phatsakorn,m
2232,Phatson,m
2233,Phatson,f
2234,Phatthana,m
2235,Phatthana,f
2236,Phattrasak,m
2237,Phawat,m
2238,Phayao,m
2239,Phayao,f
2240,Phayom,f
2241,Phayon,m
2242,Phayu,m
2243,Phayung,m
2244,Phayung,f
2245,Pheera,m
2246,Pheerachai,m
2247,Pheerachat,m
2248,Pheerapat,m
2249,Pheeraphat,m
2250,Pheeraphol,m
2251,Pheeraphon,m
2252,Pheeraphong,m
2253,Pheerapol,m
2254,Pheerapon,m
2255,Pheerapong,m
2256,Pheerasak,m
2257,Pheerawat,m
2258,Pheerawut,m
2259,Phen,f
2260,Phennapa,f
2261,Phennapha,f
2262,Phensi,f
2263,Phensiri,f
2264,Phensri,f
2265,Phet,m
2266,Phet,f
2267,Phethai,m
2268,Phethai,f
2269,Phiansak,m
2270,Phibun,m
2271,Phichet,m
2272,Phichit,m
2273,Phikun,f
2274,Philai,f
2275,Philaiphon,f
2276,Philaiporn,f
2277,Philairat,f
2278,Philaiwan,f
2279,Philin,f
2280,Phimchanok,f
2281,Phimnara,f
2282,Phimol,m
2283,Phimol,f
2284,Phimon,m
2285,Phimon,f
2286,Phimphon,f
2287,Phimrat,f
2288,Phimsiri,f
2289,Phinit,m
2290,Phinit,f
2291,Phipat,m
2292,Phiphat,m
2293,Phiphop,m
2294,Phipop,m
2295,Phira,m
2296,Phirachai,m
2297,Phirachat,m
2298,Phirada,f
2299,Phirap,m
2300,Phirapat,m
2301,Phiraphat,m
2302,Phiraphol,m
2303,Phiraphon,m
2304,Phiraphong,m
2305,Phirapol,m
2306,Phirapon,m
2307,Phirapong,m
2308,Phirasak,m
2309,Phirawat,m
2310,Phirawut,m
2311,Phiriya,m
2312,Phiriya,f
2313,Phirom,m
2314,Phirom,f
2315,Phisal,m
2316,Phisan,m
2317,Phisit,m
2318,Phisitchai,m
2319,Phisitsak,m
2320,Phissamai,f
2321,Phitak,m
2322,Phitakphong,m
2323,Phitakpong,m
2324,Phitaya,m
2325,Phitaya,f
2326,Phitchaya,m
2327,Phitchaya,f
2328,Phithak,m
2329,Phithakphong,m
2330,Phithakpong,m
2331,Phithaya,m
2332,Phithaya,f
2333,Phitsamai,f
2334,Phitsanu,m
2335,Phittaya,m
2336,Phittaya,f
2337,Phitthaya,m
2338,Phitthaya,f
2339,Phiyada,f
2340,Phloenphit,f
2341,Pholawat,m
2342,Phollawat,m
2343,Phonchai,m
2344,Phondet,m
2345,Phongsakon,m
2346,Phongsakorn,m
2347,Phongtep,m
2348,Phongthep,m
2349,Phonlawat,m
2350,Phonphiphat,m
2351,Phonsak,m
2352,Phonsawan,m
2353,Phonsawan,f
2354,Phonsuda,f
2355,Phonthep,m
2356,Phonthip,f
2357,Phontip,f
2358,Phoomipat,m
2359,Phoomiphat,m
2360,Phot,m
2361,Phraeo,f
2362,Phraeophan,f
2363,Phraew,f
2364,Phraewpan,f
2365,Phraewphan,f
2366,Phraiwan,m
2367,Phraiwan,f
2368,Phrangphet,m
2369,Phrangphet,f
2370,Phromphon,f
2371,Phueng,f
2372,Phufa,m
2373,Phufa,f
2374,Phumichai,m
2375,Phumipat,m
2376,Phumiphat,m
2377,Phuree,m
2378,Phuri,m
2379,Phuripat,m
2380,Phuriphat,m
2381,Phuthichai,m
2382,Phutichai,m
2383,Phutthichai,m
2384,Phutthinan,m
2385,Phutthiphong,m
2386,Phutthipong,m
2387,Phuttichai,m
2388,Phuttinan,m
2389,Phuttiphong,m
2390,Phuttipong,m
2391,Phuwadol,m
2392,Phuwadon,m
2393,Pichet,m
2394,Pilai,f
2395,Pilaiphon,f
2396,Pilaipon,f
2397,Pilaiporn,f
2398,Pilairat,f
2399,Pilaiwan,f
2400,Pim,f
2401,Pimchanok,f
2402,Pimol,m
2403,Pimol,f
2404,Pimon,m
2405,Pimon,f
2406,Pimprapa,f
2407,Pimsiri,f
2408,Pinya,m
2409,Pinya,f
2410,Pipat,m
2411,Piphat,m
2412,Piphop,m
2413,Pipop,m
2414,Pira,m
2415,Pirachai,m
2416,Pirachat,m
2417,Pirada,f
2418,Pirapat,m
2419,Piraphat,m
2420,Piraphol,m
2421,Piraphon,m
2422,Piraphong,m
2423,Pirapol,m
2424,Pirapon,m
2425,Pirapong,m
2426,Pirasak,m
2427,Pirawat,m
2428,Pirawut,m
2429,Pisal,m
2430,Pisan,m
2431,Pisit,m
2432,Pissamai,f
2433,Pitak,m
2434,Pitakphong,m
2435,Pitakpong,m
2436,Pitaya,m
2437,Pitaya,f
2438,Pitchayatida,f
2439,Pithak,m
2440,Pithakphong,m
2441,Pithakpong,m
2442,Pithaya,m
2443,Pithaya,f
2444,Piti,m
2445,Pitsamai,f
2446,Pittaya,m
2447,Pittaya,f
2448,Pitthaya,m
2449,Pitthaya,f
2450,Piya,m
2451,Piya,f
2452,Piyabut,m
2453,Piyabut,f
2454,Piyachai,m
2455,Piyanuch,f
2456,Piyanut,f
2457,Piyaphat,m
2458,Piyaphat,f
2459,Piyaphol,m
2460,Piyaphon,f
2461,Piyaphon,m
2462,Piyaphong,m
2463,Piyapol,m
2464,Piyapon,m
2465,Piyapong,m
2466,Piyaporn,f
2467,Piyarasami,f
2468,Piyarat,m
2469,Piyarat,f
2470,Piyasak,m
2471,Piyasvati,m
2472,Piyathip,f
2473,Piyatip,f
2474,Piyavan,f
2475,Piyawan,f
2476,Plaek,m
2477,Plaloma,f
2478,Ploi,f
2479,Ploychompoo,f
2480,Ployshompoo,f
2481,Podtakorn,m
2482,Pokpak,f
2483,Pokpui,m
2484,Polawat,m
2485,Pollawat,m
2486,Ponchai,m
2487,Pongphol,m
2488,Pongphon,m
2489,Pongpol,m
2490,Pongpon,m
2491,Pongsakon,m
2492,Pongsakorn,m
2493,Pongtep,m
2494,Pongtep,m
2495,Pongthep,m
2496,Pongthep,m
2497,Ponlawat,m
2498,Ponsak,m
2499,Ponthip,f
2500,Pontip,f
2501,Poo,f
2502,Poo,m
2503,Poo,f
2504,Poomipat,m
2505,Poomiphat,m
2506,Porames,m
2507,Poramet,m
2508,Pornchai,m
2509,Pornsak,m
2510,Pornsawan,m
2511,Pornsawan,f
2512,Porntep,m
2513,Pornthep,m
2514,Pornthip,f
2515,Pracha,m
2516,Prachachat,m
2517,Prachai,m
2518,Prachak,m
2519,Prachakchai,m
2520,Prachaya,m
2521,Prachit,m
2522,Prachit,f
2523,Prachum,m
2524,Prachum,f
2525,Prachya,m
2526,Pradab,m
2527,Pradab,f
2528,Pradap,m
2529,Pradap,f
2530,Pradchaya,m
2531,Praderm,m
2532,Pradermchai,m
2533,Pradit,m
2534,Pradoem,m
2535,Pradoemchai,m
2536,Praeo,f
2537,Praeophan,f
2538,Praew,f
2539,Praewpan,f
2540,Praewphailin,f
2541,Praewphan,f
2542,Praiwan,m
2543,Praiwan,f
2544,Prajak,m
2545,Prajya,m
2546,Prakan,m
2547,Prakarn,m
2548,Prakhong,m
2549,Prakhong,f
2550,Prakit,m
2551,Prakong,m
2552,Prakong,f
2553,Prakop,m
2554,Prakop,f
2555,Pralong,m
2556,Praman,m
2557,Pramarn,m
2558,Pramot,m
2559,Pramote,m
2560,Pramual,m
2561,Pramual,f
2562,Pramuan,m
2563,Pramuan,f
2564,Pranakul,m
2565,Prang,f
2566,Prani,f
2567,Pranom,f
2568,Pranpriya,f
2569,Prapa,f
2570,Prapai,m
2571,Prapai,f
2572,Prapaphon,f
2573,Prapaporn,f
2574,Prapas,m
2575,Prapasiri,f
2576,Prapat,m
2577,Prapatsara,f
2578,Prapha,m
2579,Prapha,f
2580,Praphai,m
2581,Praphai,f
2582,Praphaiphak,f
2583,Praphan,m
2584,Praphaphon,f
2585,Praphaporn,f
2586,Praphas,m
2587,Praphasiri,f
2588,Praphat,m
2589,Prasan,m
2590,Prasarn,m
2591,Prasart,m
2592,Prasat,m
2593,Prasit,m
2594,Prasoet,m
2595,Prasong,m
2596,Prasop,m
2597,Prasopchai,m
2598,Pratchaya,m
2599,Prateep,m
2600,Prateep,f
2601,Pratheep,m
2602,Pratheep,f
2603,Prathip,m
2604,Prathip,f
2605,Prathueang,m
2606,Prathueang,f
2607,Prathum,m
2608,Prathum,f
2609,Pratip,m
2610,Pratip,f
2611,Pratthana,f
2612,Pratya,m
2613,Pravit,m
2614,Prawat,m
2615,Prawes,m
2616,Prawet,m
2617,Prawit,m
2618,Prayat,m
2619,Prayat,f
2620,Prayoon,m
2621,Prayoon,f
2622,Prayuk,m
2623,Prayun,m
2624,Prayun,f
2625,Preedit,m
2626,Preeya,m
2627,Preeya,f
2628,Preeyanan,f
2629,Preeyanuch,f
2630,Preeyanut,f
2631,Premanan,m
2632,Premwadi,f
2633,Pricha,m
2634,Prida,m
2635,Prida,f
2636,Pridiyathorn,m
2637,Prin,m
2638,Prin,f
2639,Priyanan,f
2640,Priyanuch,f
2641,Priyanut,f
2642,Protpran,m
2643,Protpran,f
2644,Pumipat,m
2645,Pumiphat,m
2646,Punee,f
2647,Puripat,m
2648,Puriphat,m
2649,Puthinan,m
2650,Puthiphong,m
2651,Puthipong,m
2652,Putichai,m
2653,Putinan,m
2654,Putiphong,m
2655,Putipong,m
2656,Putsaya,f
2657,Putthichai,m
2658,Putthinan,m
2659,Putthiphong,m
2660,Putthipong,m
2661,Puttichai,m
2662,Puttinan,m
2663,Puttiphong,m
2664,Puttipong,m
2665,Puwadol,m
2666,Puwadon,m
2667,Rabiap,f
2668,Rachan,m
2669,Rachanee,f
2670,Rada,f
2671,Radsamee,f
2672,Rak,m
2673,Rak,f
2674,Rakchai,m
2675,Rakphong,m
2676,Rakpong,m
2677,Raksak,m
2678,Ramida,f
2679,Rampai,f
2680,Rampha,f
2681,Ramphai,f
2682,Rangsan,m
2683,Rangsima,f
2684,Raroeng,m
2685,Raroeng,f
2686,Rasamee,f
2687,Rasri,f
2688,Rassamee,f
2689,Ratana,m
2690,Ratana,f
2691,Ratari,f
2692,Ratchanee,f
2693,Ratchani,f
2694,Ratchanichon,f
2695,Ratri,f
2696,Ratsadanupradit,m
2697,Ratsamee,f
2698,Ratsami,m
2699,Ratsami,f
2700,Rattana,m
2701,Rattana,f
2702,Rattanawadee,f
2703,Rattanawadi,f
2704,Rattaphol,m
2705,Rattaphon,m
2706,Rattapol,m
2707,Rattapon,m
2708,Ratthaphol,m
2709,Ratthaphon,m
2710,Ratthapol,m
2711,Ratthapon,m
2712,Rattikan,f
2713,Rattikarn,f
2714,Rattiya,f
2715,Raveevan,f
2716,Raveewan,f
2717,Ravivan,f
2718,Raviwan,f
2719,Rawee,m
2720,Rawee,f
2721,Raweevan,f
2722,Raweewan,f
2723,Rawi,m
2724,Rawi,f
2725,Rawin,m
2726,Rawin,f
2727,Rawivan,f
2728,Rawiwan,f
2729,Renu,f
2730,Rewat,m
2731,Rin,f
2732,Ritthichai,m
2733,Ritthirong,m
2734,Ritthisak,m
2735,Ritwan,m
2736,Rohanee,f
2737,Rohim,m
2738,Romadon,m
2739,Romlee,m
2740,Romli,m
2741,Ronnachai,m
2742,Roongroch,m
2743,Roongroj,m
2744,Roongrot,m
2745,Ruchira,m
2746,Ruchira,f
2747,Rudet,m
2748,Rudet,f
2749,Rueangdet,m
2750,Ruetai,m
2751,Ruetai,f
2752,Ruethai,m
2753,Ruethai,f
2754,Rujira,f
2755,Rune,m
2756,Rune,f
2757,Rung,f
2758,Rungnapa,f
2759,Rungnapha,f
2760,Rungrat,f
2761,Rungroch,m
2762,Rungroj,m
2763,Rungrot,m
2764,Rungthip,f
2765,Rungthiwa,f
2766,Rungtiwa,f
2767,Ruslee,m
2768,Rywin,m
2769,Saenchai,m
2770,Saengarun,m
2771,Saengarun,f
2772,Saengchai,m
2773,Saengchan,m
2774,Saengchan,f
2775,Saengdao,m
2776,Saengdao,f
2777,Saengduan,f
2778,Saengduean,f
2779,Saengduen,f
2780,Saengkham,m
2781,Saengkham,f
2782,Saengphet,m
2783,Saengphet,f
2784,Saengrawee,f
2785,Saengrawi,f
2786,Saengsuri,m
2787,Saengsuri,f
2788,Saengthian,m
2789,Saengthian,f
2790,Saengthong,m
2791,Saengthong,f
2792,Saengwan,f
2793,Saharat,m
2794,Saichai,f
2795,Saichon,m
2796,Saichon,f
2797,Saifon,f
2798,Saijai,f
2799,Sainab,f
2800,Sainap,f
2801,Saiphin,f
2802,Saipin,f
2803,Sairoong,f
2804,Sairung,f
2805,Saisuni,f
2806,Sakariya,m
2807,Sakda,m
2808,Sakhon,m
2809,Sakhon,f
2810,Sakkarat,m
2811,Sakon,m
2812,Sakon,f
2813,Saksit,m
2814,Saksith,m
2815,Sakulrat,f
2816,Sakunrat,f
2817,Sali,f
2818,Salisa,f
2819,Samacha,m
2820,Samai,m
2821,Samai,f
2822,Samak,m
2823,Saman,m
2824,Samang,m
2825,Samang,f
2826,Samart,m
2827,Samat,m
2828,Samatcha,m
2829,Samer,m
2830,Samer,f
2831,Samliwan,f
2832,Samniang,f
2833,Samoe,m
2834,Samoe,f
2835,Samphan,m
2836,Samphan,f
2837,Samran,m
2838,Samran,f
2839,Samroeng,m
2840,Samroeng,f
2841,Samruai,m
2842,Samruai,f
2843,Sanan,m
2844,Sanchai,m
2845,Sang,m
2846,Sang,f
2847,Sanga,m
2848,Sanga,f
2849,Sangat,m
2850,Sangat,f
2851,Sangduan,f
2852,Sangduen,f
2853,Sangop,m
2854,Sangop,f
2855,Sanguan,m
2856,Sanguan,f
2857,Sangwal,m
2858,Sangwal,f
2859,Sangwan,m
2860,Sangwan,f
2861,Sangwian,m
2862,Sangwian,f
2863,Sanit,m
2864,Sano,m
2865,Sano,f
2866,Sanong,m
2867,Sanong,f
2868,Sansanee,f
2869,Sansani,f
2870,Sansoen,m
2871,Santhat,m
2872,Santi,m
2873,Santi,f
2874,Sanya,m
2875,Saowakhon,f
2876,Saowakon,f
2877,Saowalak,f
2878,Saowanee,f
2879,Saowani,f
2880,Saowatharn,f
2881,Saralee,f
2882,Saran,m
2883,Saranae,f
2884,Saranporn,f
2885,Saranya,f
2886,Saranyoo,m
2887,Saranyu,m
2888,Sarathoon,m
2889,Sarawut,m
2890,Sarayut,m
2891,Sarayuth,m
2892,Sarif,m
2893,Sarinya,f
2894,Saripa,f
2895,Sarit,m
2896,Sarun,m
2897,Sarunchana,f
2898,Sarunyoo,m
2899,Sarunyu,m
2900,Sarut,m
2901,Saruta,f
2902,Sasi,m
2903,Sasi,f
2904,Sasikan,f
2905,Sasikarn,f
2906,Sasipa,f
2907,Sasipha,f
2908,Sasithon,f
2909,Sasiton,f
2910,Sasitorn,f
2911,Sasiwimol,f
2912,Sasiwimon,f
2913,Satayu,m
2914,Sathaphon,m
2915,Sathaphon,f
2916,Sathian,m
2917,Sathian,f
2918,Sathit,m
2919,Satit,m
2920,Sattabut,m
2921,Savika,f
2922,Savitree,f
2923,Sawaeng,m
2924,Sawaeng,f
2925,Sawai,m
2926,Sawai,f
2927,Sawang,m
2928,Sawang,f
2929,Sawangchit,f
2930,Sawat,m
2931,Sawat,f
2932,Sawika,f
2933,Sawinee,f
2934,Sawini,f
2935,Sawitree,f
2936,Sawitri,f
2937,Sayan,m
2938,Sayan,f
2939,Sayombhu,m
2940,Sayomphoo,m
2941,Sayomphu,m
2942,Sayompoo,m
2943,Sayompu,m
2944,Seeda,f
2945,Seksan,m
2946,Sermchai,m
2947,Settha,m
2948,Shahkrit,m
2949,Siam,m
2950,Sida,f
2951,Sila,m
2952,Sila,f
2953,Silawan,f
2954,Singha,m
2955,Singhara,m
2956,Siri,m
2957,Siri,f
2958,Sirichai,m
2959,Sirichok,m
2960,Sirikarn,f
2961,Sirikit,m
2962,Sirikit,f
2963,Sirin,m
2964,Sirin,f
2965,Sirina,f
2966,Sirinya,f
2967,Sirion,f
2968,Siripan,f
2969,Siriphan,f
2970,Siriphol,m
2971,Siriphon,m
2972,Siriphon,f
2973,Siripol,m
2974,Siripon,f
2975,Siripong,m
2976,Sirirat,f
2977,Sirisak,m
2978,Sirivannavari,f
2979,Siriwan,f
2980,Siriwat,m
2981,Siriwimol,f
2982,Siriwimon,f
2983,Sisuda,f
2984,Sitala,f
2985,Sitdik,m
2986,Sith,m
2987,Sithi,m
2988,Sitthi,m
2989,Sitthichai,m
2990,Sitthiphon,m
2991,Sitthiphong,m
2992,Sitthisak,m
2993,Sitti,m
2994,Sittichai,m
2995,Sittisak,m
2996,Siwa,m
2997,Siyoree,m
2998,Siyoree,f
2999,Sodsai,m
3000,Sodsai,f
3001,Soem,m
3002,Soemchai,m
3003,Solahuddin,m
3004,Solos,m
3005,Solot,m
3006,Som,m
3007,Som,f
3008,Sombat,m
3009,Sombat,f
3010,Sombun,m
3011,Sombun,f
3012,Somchae,m
3013,Somchae,f
3014,Somchaye,m
3015,Somchaye,f
3016,Somchet,m
3017,Somchit,m
3018,Somchit,f
3019,Somdech,m
3020,Somdej,m
3021,Somdet,m
3022,Somjai,m
3023,Somjai,f
3024,Somjet,m
3025,Somkhid,m
3026,Somkhid,f
3027,Somkhit,m
3028,Somkhit,f
3029,Somkhuan,m
3030,Somkhuan,f
3031,Somkiat,m
3032,Somkid,m
3033,Somkid,f
3034,Somkit,m
3035,Somkit,f
3036,Somkuan,m
3037,Somkuan,f
3038,Somlak,m
3039,Somlak,f
3040,Sommai,m
3041,Sommai,f
3042,Somnuek,m
3043,Somnuek,f
3044,Somphian,m
3045,Somphian,f
3046,Somphit,m
3047,Somphit,f
3048,Somphob,m
3049,Somphol,m
3050,Somphon,m
3051,Somphon,f
3052,Somphon,m
3053,Somphop,m
3054,Somphot,m
3055,Sompit,m
3056,Sompit,f
3057,Sompob,m
3058,Sompol,m
3059,Sompong,m
3060,Sompong,f
3061,Sompop,m
3062,Somprasong,m
3063,Somprasong,f
3064,Somrak,m
3065,Somrak,f
3066,Somsi,m
3067,Somsi,f
3068,Somsong,m
3069,Somsong,f
3070,Somsuda,f
3071,Somwang,m
3072,Somwang,f
3073,Somyot,m
3074,Song,m
3075,Song,f
3076,Songchai,m
3077,Songkhram,m
3078,Songkiat,m
3079,Songkram,m
3080,Songkran,m
3081,Songkran,f
3082,Songphol,m
3083,Songphon,m
3084,Songpol,m
3085,Songpon,m
3086,Songsak,m
3087,Songsit,m
3088,Songvut,m
3089,Songvuth,m
3090,Songwut,m
3091,Songwuth,m
3092,Sonthaya,m
3093,Sonthaya,f
3094,Sonthi,m
3095,Soontaree,f
3096,Soontharee,f
3097,Sopa,f
3098,Sopang,f
3099,Sopha,f
3100,Sophon,m
3101,Sophon,f
3102,Sophorn,m
3103,Sophorn,f
3104,Sopicha,f
3105,Sopon,m
3106,Sopon,f
3107,Soporn,m
3108,Soporn,f
3109,Sorada,f
3110,Soros,m
3111,Sorot,m
3112,Sorut,m
3113,Sotsai,m
3114,Sotsai,f
3115,Soun,m
3116,Srettha,m
3117,Srirasmi,f
3118,Srisuda,f
3119,Suang,m
3120,Suang,f
3121,Suangsuda,f
3122,Suban,m
3123,Suchada,f
3124,Suchai,m
3125,Suchat,m
3126,Suchin,m
3127,Suchin,f
3128,Suchinda,m
3129,Suchinda,f
3130,Suchitra,f
3131,Suchittra,f
3132,Sud,m
3133,Suda,f
3134,Sudarat,f
3135,Sudawan,f
3136,Sudsakhon,m
3137,Sudsakhon,f
3138,Sujin,m
3139,Sujin,f
3140,Sujinda,m
3141,Sujinda,f
3142,Sujitra,f
3143,Sujittra,f
3144,Sukanda,f
3145,Sukanlaya,f
3146,Sukanya,f
3147,Sukich,m
3148,Sukij,m
3149,Sukit,m
3150,Sukkasem,m
3151,Sukree,m
3152,Sukri,m
3153,Suksan,m
3154,Sulkiflee,m
3155,Sulkifli,m
3156,Sumalee,f
3157,Sumali,f
3158,Sumet,m
3159,Sumitra,m
3160,Sumitra,f
3161,Sumittra,f
3162,Sumran,m
3163,Sumran,f
3164,Sunaree,f
3165,Sunari,f
3166,Sunawin,m
3167,Sunawin,f
3168,Sunee,f
3169,Suni,f
3170,Sunirat,m
3171,Sunirat,f
3172,Sunisa,f
3173,Suntaree,f
3174,Suntari,f
3175,Suntharee,f
3176,Sunthari,f
3177,Sunthon,m
3178,Sunthorn,m
3179,Supachai,m
3180,Supakit,m
3181,Supakon,m
3182,Supakorn,m
3183,Supaksorn,f
3184,Supalak,m
3185,Supalak,f
3186,Supamas,f
3187,Supamat,f
3188,Supansa,f
3189,Suparat,m
3190,Suparat,f
3191,Supasit,m
3192,Supassra,f
3193,Supat,m
3194,Supat,f
3195,Supatra,f
3196,Supattra,f
3197,Supavit,m
3198,Supawit,m
3199,Supha,f
3200,Suphachai,m
3201,Suphakit,m
3202,Suphakon,m
3203,Suphakorn,m
3204,Suphalak,m
3205,Suphalak,f
3206,Suphamas,f
3207,Suphamat,f
3208,Suphansa,f
3209,Suphanthuwong,m
3210,Suphap,m
3211,Suphap,f
3212,Supharang,f
3213,Supharat,m
3214,Supharat,f
3215,Suphasit,m
3216,Suphat,m
3217,Suphat,f
3218,Suphatra,f
3219,Suphattra,f
3220,Suphavit,m
3221,Suphawit,m
3222,Suphin,f
3223,Suphinya,f
3224,Suphit,m
3225,Suphit,f
3226,Suphot,m
3227,Supinya,f
3228,Suppachai,m
3229,Suppakit,m
3230,Suppakon,m
3231,Suppakorn,m
3232,Suppalak,m
3233,Suppalak,f
3234,Suppamas,f
3235,Suppamat,f
3236,Supparat,m
3237,Supparat,f
3238,Suppasit,m
3239,Suppasit,m
3240,Suppavit,m
3241,Suppawit,m
3242,Supphachai,m
3243,Supphakit,m
3244,Supphakon,m
3245,Supphakorn,m
3246,Supphalak,m
3247,Supphalak,f
3248,Supphamas,f
3249,Supphamat,f
3250,Suppharat,m
3251,Suppharat,f
3252,Supphasit,m
3253,Supphavit,m
3254,Supphawit,m
3255,Supranee,f
3256,Suprani,f
3257,Supreeya,f
3258,Supriya,f
3259,Supunsa,f
3260,Sura,m
3261,Surachai,m
3262,Surachet,m
3263,Suradech,m
3264,Suradej,m
3265,Suradet,m
3266,Suraida,f
3267,Surakiart,m
3268,Surakiart,m
3269,Surakiat,m
3270,Surang,f
3271,Suraphol,m
3272,Suraphon,m
3273,Suraphong,m
3274,Surapol,m
3275,Surapon,m
3276,Surasak,m
3277,Surasee,m
3278,Surasi,m
3279,Surat,m
3280,Surat,f
3281,Suravit,m
3282,Surawit,m
3283,Surayut,m
3284,Suree,m
3285,Suree,f
3286,Suri,m
3287,Suri,f
3288,Surin,m
3289,Surin,f
3290,Suriphon,f
3291,Suriyan,m
3292,Suriyasak,m
3293,Susak,m
3294,Susha,f
3295,Sushar,f
3296,Sut,f
3297,Sutchai,m
3298,Sutchai,f
3299,Sutee,m
3300,Sutee,f
3301,Sutham,m
3302,Suthat,m
3303,Suthathip,f
3304,Suthee,m
3305,Suthee,f
3306,Suthep,m
3307,Suthi,m
3308,Suthi,f
3309,Suthichai,m
3310,Suthida,f
3311,Suthin,m
3312,Suthiphong,m
3313,Suthipong,m
3314,Suthisak,m
3315,Suthon,m
3316,Sutichai,m
3317,Sutida,f
3318,Sutin,m
3319,Sutiphong,m
3320,Sutipong,m
3321,Sutisak,m
3322,Sutthi,m
3323,Sutthichai,m
3324,Sutthiphong,m
3325,Sutthipong,m
3326,Sutthisak,m
3327,Sutti,m
3328,Suttichai,m
3329,Suttiphong,m
3330,Suttipong,m
3331,Suttisak,m
3332,Suvicha,m
3333,Suvicha,f
3334,Suwan,m
3335,Suwan,f
3336,Suwanchai,m
3337,Suwanna,f
3338,Suwanni,f
3339,Suwanrat,m
3340,Suwanrat,f
3341,Suwat,m
3342,Suwicha,m
3343,Suwicha,f
3344,Suwilai,f
3345,Suwimon,m
3346,Suwimon,f
3347,Suwit,m
3348,Suyada,f
3349,Tadsanai,m
3350,Tadsanee,f
3351,Tadsawan,f
3352,Taeng,m
3353,Taeng,f
3354,Taengmo,f
3355,Taksin,m
3356,Tamanoon,m
3357,Tammanoon,m
3358,Tamrong,m
3359,Tan,m
3360,Tanaphop,m
3361,Tanapob,m
3362,Tanapop,m
3363,Tanat,m
3364,Tanita,f
3365,Tanong,m
3366,Tanongchai,m
3367,Tanongsak,m
3368,Tanshi,f
3369,Tantawan,f
3370,Tanva,m
3371,Tanwa,m
3372,Tanya,m
3373,Tanya,f
3374,Tanyalack,f
3375,Tanyalak,f
3376,Tanyaluck,f
3377,Tanyaluk,f
3378,Tanyarat,f
3379,Taptim,f
3380,Tarinee,f
3381,Tasanai,m
3382,Tasanee,f
3383,Tasawan,f
3384,Tassanai,m
3385,Tassanee,f
3386,Tassawan,f
3387,Tatsanai,m
3388,Tatsanee,f
3389,Tatsani,f
3390,Tatsawan,f
3391,Tavat,m
3392,Tavatchai,m
3393,Tawan,m
3394,Tawan,f
3395,Tawat,m
3396,Tawatchai,m
3397,Tawee,m
3398,Tawee,f
3399,Taweechai,m
3400,Taweep,m
3401,Tawichai,m
3402,Tawin,m
3403,Tawip,m
3404,Tawon,m
3405,Tawon,f
3406,Taworn,m
3407,Taworn,f
3408,Teera,m
3409,Teerachai,m
3410,Teeradech,m
3411,Teeradej,m
3412,Teeradet,m
3413,Teerana,f
3414,Teeraphong,m
3415,Teerapong,m
3416,Teerasak,m
3417,Teerawat,m
3418,Teerawut,m
3419,Teerayut,m
3420,Teerayuth,m
3421,Terdsak,m
3422,Tewan,m
3423,Thabthim,f
3424,Thadsanai,m
3425,Thadsanee,f
3426,Thadsani,f
3427,Thadsawan,f
3428,Thaem,m
3429,Thaem,f
3430,Thamanoon,m
3431,Thamma,m
3432,Thamma,f
3433,Thammanoon,m
3434,Thammanun,m
3435,Thamrong,m
3436,Thanachit,m
3437,Thanaphob,m
3438,Thanaphon,m
3439,Thanaphon,f
3440,Thanaphop,m
3441,Thanapob,m
3442,Thanapob,m
3443,Thanapop,m
3444,Thanaporn,f
3445,Thanasak,m
3446,Thanat,m
3447,Thanawut,m
3448,Thanee,m
3449,Thaneth,m
3450,Thangai,m
3451,Thangai,f
3452,Thani,m
3453,Thanin,m
3454,Thanitnan,f
3455,Thankhun,m
3456,Thanom,m
3457,Thanom,f
3458,Thanong,m
3459,Thanongchai,m
3460,Thanongsak,m
3461,Thantawan,f
3462,Thanva,m
3463,Thanwa,m
3464,Thanya,m
3465,Thanya,f
3466,Thanyalack,f
3467,Thanyalak,f
3468,Thanyaluck,f
3469,Thanyaluk,f
3470,Thanyarat,f
3471,Thapthim,f
3472,Thaptim,f
3473,Thara,m
3474,Thara,f
3475,Tharinee,f
3476,Tharini,f
3477,Thasanai,m
3478,Thasanee,f
3479,Thasani,f
3480,Thasawan,f
3481,Thassanai,m
3482,Thassanee,f
3483,Thassani,f
3484,Thassawan,f
3485,Thatchaphol,m
3486,Thatchaphon,m
3487,Thatchapol,m
3488,Thatchapon,m
3489,Thatsanai,m
3490,Thatsanee,f
3491,Thatsani,f
3492,Thatsaphai,m
3493,Thatsaphong,m
3494,Thatsawan,f
3495,Thavat,m
3496,Thavatchai,m
3497,Thavisin,m
3498,Thawan,m
3499,Thawan,f
3500,Thawat,m
3501,Thawatchai,m
3502,Thawatsak,m
3503,Thawee,m
3504,Thawee,f
3505,Thaweechai,m
3506,Thaweep,m
3507,Thawi,m
3508,Thawi,f
3509,Thawichai,m
3510,Thawin,m
3511,Thawinan,f
3512,Thawip,m
3513,Thawisak,m
3514,Thawisin,m
3515,Thawon,m
3516,Thawon,f
3517,Thaworn,m
3518,Thaworn,f
3519,Theera,m
3520,Theerachai,m
3521,Theeradech,m
3522,Theeradej,m
3523,Theeradet,m
3524,Theeraphong,m
3525,Theerapong,m
3526,Theerasak,m
3527,Theerawat,m
3528,Theerawut,m
3529,Theerayut,m
3530,Theerayuth,m
3531,Thep,m
3532,Therdsak,m
3533,Thewan,m
3534,Thiam,m
3535,Thianchai,m
3536,Thida,f
3537,Thidarat,f
3538,Thienchai,m
3539,Thikhamphon,m
3540,Thikhamphon,f
3541,Thinnakon,m
3542,Thippharat,f
3543,Thipphawan,f
3544,Thira,m
3545,Thirachai,m
3546,Thiradech,m
3547,Thiradej,m
3548,Thiradet,m
3549,Thiraphat,m
3550,Thiraphon,m
3551,Thiraphon,f
3552,Thiraphong,m
3553,Thirapong,m
3554,Thirasak,m
3555,Thirawan,f
3556,Thirawat,m
3557,Thirawut,m
3558,Thirayut,m
3559,Thirayuth,m
3560,Thiti,m
3561,Thitika,f
3562,Thitima,f
3563,Thitinan,m
3564,Thitinan,f
3565,Thitiphan,m
3566,Thitiphon,f
3567,Thitiphon,m
3568,Thitiphong,m
3569,Thitipong,m
3570,Thitipoom,m
3571,Thitirat,m
3572,Thitirat,f
3573,Thitiya,f
3574,Thodsaphol,m
3575,Thodsaphon,m
3576,Thodsapol,m
3577,Thodsapon,m
3578,Thodsawat,m
3579,Thoetsak,m
3580,Thofan,f
3581,Thong,m
3582,Thongbai,m
3583,Thongbai,f
3584,Thongchai,m
3585,Thongchan,m
3586,Thongchan,f
3587,Thongdi,m
3588,Thongdi,f
3589,Thongkham,m
3590,Thongkham,f
3591,Thongmuan,f
3592,Thongpan,m
3593,Thongpan,f
3594,Thongsai,m
3595,Thongsai,f
3596,Thongsuk,m
3597,Thongsuk,f
3598,Thongyot,m
3599,Thongyot,f
3600,Thorani,f
3601,Thosaphol,m
3602,Thosaphon,m
3603,Thosapol,m
3604,Thosapon,m
3605,Thosawat,m
3606,Thossaphol,m
3607,Thossaphon,m
3608,Thossapol,m
3609,Thossapon,m
3610,Thossawat,m
3611,Thotsaphol,m
3612,Thotsaphon,m
3613,Thotsapol,m
3614,Thotsapon,m
3615,Thotsawat,m
3616,Thuanthong,m
3617,Thunwa,m
3618,Thunya,m
3619,Thunya,f
3620,Thunyarat,f
3621,Thyam,m
3622,Tianchai,m
3623,Tida,f
3624,Tidarat,f
3625,Tienchai,m
3626,Tipanan,f
3627,Tipnaree,f
3628,Tipparat,f
3629,Tippawan,f
3630,Tirachai,m
3631,Tirapong,m
3632,Tirasak,m
3633,Tirawat,m
3634,Tirawut,m
3635,Tirayut,m
3636,Tirayuth,m
3637,Titi,m
3638,Titinan,m
3639,Titinan,f
3640,Titirat,m
3641,Titirat,f
3642,Todsaphol,m
3643,Todsaphon,m
3644,Todsapol,m
3645,Todsapon,m
3646,Todsawat,m
3647,Tontawan,f
3648,Tosaphol,m
3649,Tosaphon,m
3650,Tosapol,m
3651,Tosapon,m
3652,Tosawat,m
3653,Tossaphol,m
3654,Tossaphon,m
3655,Tossapol,m
3656,Tossapon,m
3657,Tossawat,m
3658,Totsaphol,m
3659,Totsaphon,m
3660,Totsapol,m
3661,Totsapon,m
3662,Totsawat,m
3663,Trairat,m
3664,Trairong,m
3665,Trintawat,m
3666,Triphob,m
3667,Triphop,m
3668,Tripob,m
3669,Tripop,m
3670,Tueanchai,m
3671,Tueanchai,f
3672,Tui,f
3673,Tunlaya,f
3674,Tunwa,m
3675,Tunya,m
3676,Tunya,f
3677,Tunyarat,f
3678,Ua,m
3679,Ua,f
3680,Uaichai,m
3681,Uaichai,f
3682,Ubol,f
3683,Ubolrat,f
3684,Ubolwan,f
3685,Ubonphan,f
3686,Ubonrat,f
3687,Ubonvan,f
3688,Ubonwan,f
3689,Udom,m
3690,Udomchai,m
3691,Udomphon,m
3692,Udomphon,f
3693,Udomrat,m
3694,Udomrat,f
3695,Udomsak,m
3696,Udomwit,m
3697,Udsadawut,m
3698,Ukrit,m
3699,Umaphon,f
3700,Ungsumalynn,f
3701,Unnop,m
3702,Unruean,f
3703,Unyamanee,f
3704,Urai,f
3705,Urairat,f
3706,Uraiwan,f
3707,Urassaya,f
3708,Usa,f
3709,Usadawut,m
3710,Usaman,m
3711,Ussadawut,m
3712,Uthai,m
3713,Uthai,f
3714,Uthairat,m
3715,Uthairat,f
3716,Uthaiwan,f
3717,Uthit,m
3718,Utit,m
3719,Utsadawut,m
3720,Vachara,m
3721,Vacharee,f
3722,Vachiravit,m
3723,Vallop,m
3724,Vanchai,m
3725,Vanchana,m
3726,Vanida,f
3727,Vanlop,m
3728,Varanya,f
3729,Varaphon,f
3730,Varaporn,f
3731,Varin,f
3732,Varunya,f
3733,Vasan,m
3734,Vatchara,m
3735,Vatcharee,f
3736,Vatcharin,m
3737,Vatcharin,f
3738,Veera,m
3739,Veera,f
3740,Veerachai,m
3741,Veerasak,m
3742,Veerat,m
3743,Veerathai,m
3744,Veerayut,m
3745,Vicha,m
3746,Vichai,m
3747,Vichan,m
3748,Vichian,m
3749,Vichit,m
3750,Vichitra,f
3751,Vidsanu,m
3752,Vijit,m
3753,Vijitra,f
3754,Vikrom,m
3755,Vilai,m
3756,Vilai,f
3757,Vilairat,f
3758,Vilaivan,f
3759,Vilaiwan,f
3760,Vilavan,f
3761,Vilawan,f
3762,Vimol,m
3763,Vimol,f
3764,Vimolrat,f
3765,Vimolsiri,f
3766,Vimon,m
3767,Vimon,f
3768,Vimonrat,f
3769,Vimonsiri,f
3770,Vinai,m
3771,Vinit,m
3772,Vinit,f
3773,Vipada,f
3774,Viparat,f
3775,Vipavee,f
3776,Vipawan,f
3777,Vipawee,f
3778,Viphada,f
3779,Vipharat,f
3780,Viphavee,f
3781,Viphawan,f
3782,Viphawee,f
3783,Vira,m
3784,Virachai,m
3785,Virasak,m
3786,Virat,m
3787,Virayut,m
3788,Viroj,m
3789,Virot,m
3790,Visa,f
3791,Visanu,m
3792,Visarut,m
3793,Visit,m
3794,Vissanu,m
3795,Vissarut,m
3796,Visut,m
3797,Vitaya,m
3798,Vithoon,m
3799,Vithun,m
3800,Vitoon,m
3801,Vitsanu,m
3802,Vitsarut,m
3803,Vittaya,m
3804,Vitthaya,m
3805,Vivat,m
3806,Viwat,m
3807,Vorachit,m
3808,Voralak,f
3809,Voraluck,f
3810,Voraluk,f
3811,Voranuch,f
3812,Voranut,f
3813,Voraphol,m
3814,Voraphon,m
3815,Vorapol,m
3816,Vorapon,m
3817,Vorasak,m
3818,Vorasit,m
3819,Voravit,m
3820,Voravud,m
3821,Voravut,m
3822,Vorawan,m
3823,Vorawan,f
3824,Vorawit,m
3825,Vorawud,m
3826,Vorawut,m
3827,Vorayut,m
3828,Vorralak,f
3829,Vorraluck,f
3830,Vorraluk,f
3831,Vorranuch,f
3832,Vorranut,f
3833,Vorraphol,m
3834,Vorraphon,m
3835,Vorrapol,m
3836,Vorrapon,m
3837,Vorrasak,m
3838,Vorrasit,m
3839,Vorravit,m
3840,Vorravut,m
3841,Vorrawit,m
3842,Vorrawut,m
3843,Wachara,m
3844,Wacharee,f
3845,Wachira,m
3846,Wachira,f
3847,Wachiraphon,f
3848,Wachiraphon,m
3849,Wachiravit,m
3850,Wachirawit,m
3851,Waen,m
3852,Waen,f
3853,Waiphot,m
3854,Wallop,m
3855,Wan,f
3856,Wanchai,m
3857,Wanchalarm,m
3858,Wanchalearm,m
3859,Wanchalerm,m
3860,Wanchaloem,m
3861,Wanchana,m
3862,Wanchat,m
3863,Wandee,m
3864,Wandee,f
3865,Wandi,m
3866,Wandi,f
3867,Wanida,f
3868,Wanit,m
3869,Wanit,f
3870,Wanlapa,f
3871,Wanlapha,f
3872,Wanlop,m
3873,Wannapa,f
3874,Wannapha,f
3875,Wannaphon,f
3876,Wannarat,m
3877,Wannarat,f
3878,Wannee,f
3879,Wanni,f
3880,Wanphen,f
3881,Wanrat,m
3882,Wanrat,f
3883,Wansa,m
3884,Wansa,f
3885,Wanta,f
3886,Wanwisa,f
3887,Waralak,f
3888,Waralee,f
3889,Warali,f
3890,Waranya,f
3891,Waraphon,f
3892,Warapon,f
3893,Waraporn,f
3894,Wararat,f
3895,Waratthaya,f
3896,Warayut,m
3897,Warrarin,f
3898,Warun,m
3899,Warunee,f
3900,Waruni,f
3901,Warunthorn,f
3902,Warunya,f
3903,Wasan,m
3904,Wasana,f
3905,Wasin,m
3906,Wassana,f
3907,Wasu,m
3908,Wasuthep,m
3909,Watana,m
3910,Watana,f
3911,Watanachai,m
3912,Watchara,m
3913,Watcharaphon,m
3914,Watcharaphon,f
3915,Watcharee,f
3916,Watchari,f
3917,Watcharin,m
3918,Watcharin,f
3919,Wathana,m
3920,Wathana,f
3921,Wathanachai,m
3922,Watsana,f
3923,Wattanachai,m
3924,Watthana,m
3925,Watthana,f
3926,Watthanachai,m
3927,Watthanasak,m
3928,Wayo,m
3929,Wayo,f
3930,Wayu,m
3931,Weera,m
3932,Weerachai,m
3933,Weerasak,m
3934,Weerat,m
3935,Weerayut,m
3936,Wiang,m
3937,Wiang,f
3938,Wiangchai,m
3939,Wicha,m
3940,Wichai,m
3941,Wichan,m
3942,Wichian,m
3943,Wichit,m
3944,Wichitra,f
3945,Widsanu,m
3946,Wijan,m
3947,Wijit,m
3948,Wijitra,f
3949,Wikrom,m
3950,Wilai,f
3951,Wilaiphon,f
3952,Wilaiporn,f
3953,Wilairat,f
3954,Wilaisak,m
3955,Wilaivan,f
3956,Wilaiwan,f
3957,Wilasini,f
3958,Wilavan,f
3959,Wilawan,f
3960,Wimol,m
3961,Wimol,f
3962,Wimolrat,f
3963,Wimolsiri,f
3964,Wimolwan,f
3965,Wimon,m
3966,Wimon,f
3967,Wimonchai,m
3968,Wimonrat,f
3969,Wimonsak,m
3970,Wimonsiri,f
3971,Wimonwan,f
3972,Wina,f
3973,Winai,m
3974,Winit,m
3975,Winit,f
3976,Wipada,f
3977,Wiparat,f
3978,Wipavan,f
3979,Wipavee,f
3980,Wipawan,f
3981,Wipawee,f
3982,Wipha,f
3983,Wiphada,f
3984,Wipharat,f
3985,Wiphavee,f
3986,Wiphawan,f
3987,Wiphawee,f
3988,Wiphawi,f
3989,Wirachai,m
3990,Wiraphol,m
3991,Wiraphon,m
3992,Wiraphong,m
3993,Wirapol,m
3994,Wirapon,m
3995,Wirasak,m
3996,Wirat,m
3997,Wirawan,f
3998,Wirawit,m
3999,Wirayut,m
4000,Wiriya,m
4001,Wiriya,f
4002,Wiroj,m
4003,Wirot,m
4004,Wisa,f
4005,Wisai,m
4006,Wisai,f
4007,Wisan,m
4008,Wisanu,m
4009,Wisarut,m
4010,Wisit,m
4011,Wisitsak,m
4012,Wissanu,m
4013,Wissarut,m
4014,Wisut,m
4015,Witaya,m
4016,Witchu,m
4017,Witchuda,f
4018,Withoon,m
4019,Withun,m
4020,Witoon,m
4021,Witsanu,m
4022,Witsarut,m
4023,Wittawat,m
4024,Wittaya,m
4025,Witthawat,m
4026,Witthaya,m
4027,Witun,m
4028,Wivat,m
4029,Wiwat,m
4030,Wiwatchai,m
4031,Wiwon,m
4032,Wiwon,f
4033,Wongduan,f
4034,Wongduean,f
4035,Wongduen,f
4036,Wongsakon,m
4037,Wongsakorn,m
4038,Wongsiri,f
4039,Wonnapa,f
4040,Worachit,m
4041,Woralak,f
4042,Woraluck,f
4043,Woraluk,f
4044,Woranuch,f
4045,Woranut,f
4046,Woraphol,m
4047,Woraphon,m
4048,Worapol,m
4049,Worapon,m
4050,Worasak,m
4051,Worasit,m
4052,Woravit,m
4053,Woravud,m
4054,Woravut,m
4055,Worawan,m
4056,Worawan,f
4057,Worawit,m
4058,Worawud,m
4059,Worawut,m
4060,Worayut,m
4061,Worralak,f
4062,Worraluck,f
4063,Worraluk,f
4064,Worranuch,f
4065,Worranut,f
4066,Worraphol,m
4067,Worraphon,m
4068,Worrapol,m
4069,Worrapon,m
4070,Worrasak,m
4071,Worrasit,m
4072,Worravit,m
4073,Worravut,m
4074,Worrawit,m
4075,Worrawut,m
4076,Worrayut,m
4077,Wutthichai,m
4078,Wuttichai,m
4079,Yada,f
4080,Yai,m
4081,Yanakon,m
4082,Yanakon,f
4083,Yanin,f
4084,Yanisa,f
4085,Yaowalak,f
4086,Yaowaluck,f
4087,Yaowamal,f
4088,Yaowaman,f
4089,Yaowapha,f
4090,Yaowarat,f
4091,Yat,m
4092,Ying,m
4093,Ying,f
4094,Yinglak,f
4095,Yingluck,f
4096,Yingluk,f
4097,Yingyos,m
4098,Yingyot,m
4099,Yiwa,f
4100,Yodrak,m
4101,Yodsakon,m
4102,Yodsakorn,m
4103,Yodsapat,m
4104,Yodsaphat,m
4105,Yodsaphol,m
4106,Yodsaphon,m
4107,Yodsapol,m
4108,Yodsapon,m
4109,Yodsawat,m
4110,Yok,m
4111,Yok,f
4112,Yongsak,m
4113,Yongyut,m
4114,Yosakon,m
4115,Yosakorn,m
4116,Yosapat,m
4117,Yosaphat,m
4118,Yosaphol,m
4119,Yosaphon,m
4120,Yosapol,m
4121,Yosapon,m
4122,Yosawat,m
4123,Yossakon,m
4124,Yossakorn,m
4125,Yossapat,m
4126,Yossaphat,m
4127,Yossaphol,m
4128,Yossaphon,m
4129,Yossapol,m
4130,Yossapon,m
4131,Yossawat,m
4132,Yothin,m
4133,Yotin,m
4134,Yotrak,m
4135,Yotsakon,m
4136,Yotsakorn,m
4137,Yotsapat,m
4138,Yotsaphat,m
4139,Yotsaphol,m
4140,Yotsaphon,m
4141,Yotsapol,m
4142,Yotsapon,m
4143,Yotsawat,m
4144,Yuenyong,m
4145,Yunyong,m
4146,Yupa,f
4147,Yupha,f
4148,Yuphin,f
4149,Yupin,f
4150,Yusoh,m
4151,Yusop,m
4152,Yusree,m
4153,Yutachai,m
4154,Yutana,m
4155,Yutasak,m
4156,Yuthachai,m
4157,Yuthana,m
4158,Yuthasak,m
4159,Yuttachai,m
4160,Yuttana,m
4161,Yuttasak,m
4162,Yuttasat,m
4163,Yutthachai,m
4164,Yutthana,m
4165,Yutthasak,m
4166,Yutthasat,m
4167,Yuvadee,f
4168,Yuwadee,f
4169,Yuwadi,f
